id_sequence,P_1,P_2,P_3,P_4,P_5,P_6,P_7,P_8,P_9,P_10,P_11,P_12,P_13,P_14,P_15,P_16,P_17,P_18,P_19,P_20,P_21,P_22,P_23,P_24,P_25,P_26,P_27,P_28,P_29,P_30,P_31,P_32,P_33,P_34,P_35,P_36,P_37,P_38,P_39,P_40,P_41,P_42,P_43,P_44,P_45,P_46,P_47,P_48,P_49,P_50,P_51,P_52,P_53,P_54,P_55,P_56,P_57,P_58
seq_11:267209:4.711752906702807:Class_I,-,-,-,-,-,-,-,-,-,-,T,T,W,E,A,W,D,R,A,I,A,E,Y,A,A,R,I,E,A,L,I,R,A,A,Q,E,Q,Q,E,K,N,E,A,I,L,R,E,L,-,-,-,-,-,-,-,-,-,-
seq_15:V2o:0.42:Class_I,-,-,-,-,-,-,-,-,-,-,-,-,W,Q,T,W,E,R,Q,V,D,N,I,T,Q,T,I,S,K,A,L,E,E,A,Q,I,Q,N,E,K,N,M,Y,E,L,Q,K,L,N,Q,W,D,I,F,S,N,W,F
seq_28:267226:4.772857441566588:Class_I,-,-,-,-,-,-,-,-,-,-,T,T,W,E,A,W,D,R,A,I,A,E,Y,A,A,R,I,E,A,L,I,R,A,A,Q,E,L,Q,E,K,N,E,A,A,L,R,E,L,-,-,-,-,-,-,-,-,-,-
seq_50:HP23L:0.39:Class_I,-,-,-,-,-,-,-,-,-,E,L,T,W,E,E,W,E,K,K,I,E,E,Y,T,K,K,I,E,E,I,L,K,-,-,-,-,-,-,-,-,-,-,-,-,-,-,-,-,-,-,-,-,-,-,-,-,-,-
seq_52:C34_ROD:5.51:Class_I,-,-,-,-,-,-,-,-,-,-,-,-,W,Q,E,W,E,K,Q,V,R,Y,L,E,A,N,I,S,K,S,L,E,Q,A,Q,I,Q,Q,E,K,N,M,Y,E,L,Q,-,-,-,-,-,-,-,-,-,-,-,-
seq_73:AP3:3.06:Class_I,-,-,-,-,-,-,-,-,-,-,-,-,-,K,K,I,S,E,E,Q,K,K,I,Q,E,E,I,K,K,I,L,E,E,S,K,K,I,L,E,E,I,K,K,D,W,E,E,W,T,M,-,-,-,-,-,-,-,-
seq_74:267221:7.852921511171344:Class_I,-,-,-,-,-,-,-,-,-,-,T,T,W,E,A,W,D,R,A,I,A,E,Y,A,A,R,I,E,A,L,I,R,A,L,Q,E,Q,Q,E,K,N,E,A,A,L,R,E,L,-,-,-,-,-,-,-,-,-,-
seq_75:2P23L:0.59:Class_I,-,-,-,-,-,-,-,-,-,E,L,T,W,E,E,W,E,K,K,V,E,E,L,E,K,K,I,E,E,L,L,K,-,-,-,-,-,-,-,-,-,-,-,-,-,-,-,-,-,-,-,-,-,-,-,-,-,-
seq_92:T654:0.2203191543269581:Class_I,-,-,-,-,-,-,-,W,N,N,M,T,W,M,E,W,D,R,E,I,N,N,Y,T,S,L,I,H,S,L,I,E,E,S,Q,N,Q,Q,E,K,N,E,Q,-,-,-,-,-,-,-,-,-,-,-,-,-,-,-
seq_97:290676:2.8960388871190874:Class_I,-,-,-,-,-,-,-,-,-,-,T,T,W,E,A,W,D,R,A,I,A,E,Y,A,A,R,I,E,A,L,I,R,A,S,Q,E,Q,Q,E,K,N,E,A,E,L,R,E,L,-,-,-,-,-,-,-,-,-,-
seq_98:T656:1.1054805302769009:Class_I,-,-,-,-,-,Q,I,W,N,N,M,T,W,M,E,W,D,R,E,I,N,N,Y,T,S,L,I,H,S,L,I,E,E,S,Q,N,Q,Q,E,K,N,-,-,-,-,-,-,-,-,-,-,-,-,-,-,-,-,-
seq_101:HP23-E6-IDL:0.338:Class_I,-,-,-,-,-,-,-,-,-,E,M,T,W,E,E,W,E,K,K,I,E,E,Y,T,K,K,I,E,E,I,L,K,K,S,Q,N,Q,Q,I,D,L,-,-,-,-,-,-,-,-,-,-,-,-,-,-,-,-,-
seq_109:C34_EHO:1.88:Class_I,-,-,-,-,-,-,-,-,-,-,-,-,W,Q,Q,W,E,R,Q,V,R,F,L,D,A,N,I,T,K,L,L,E,E,A,Q,I,Q,Q,E,K,N,M,Y,E,L,Q,-,-,-,-,-,-,-,-,-,-,-,-
seq_111:MT-SC34_EHO:1.17:Class_I,-,-,-,-,-,-,-,-,-,-,M,T,W,Q,Q,W,E,R,Q,V,R,F,L,D,A,N,I,T,K,L,L,E,E,A,Q,I,Q,Q,E,K,N,M,Y,E,L,Q,-,-,-,-,-,-,-,-,-,-,-,-
seq_119:C46:4.9:Class_I,-,-,-,-,-,-,-,-,-,-,-,-,W,Q,Q,W,E,R,Q,V,R,F,L,D,A,N,I,T,K,L,L,E,E,A,Q,I,Q,Q,E,K,N,M,Y,E,L,Q,E,L,D,K,W,A,S,L,W,N,W,F
seq_122:267225:9.557636996501461:Class_I,-,-,-,-,-,-,-,-,-,-,T,T,W,E,A,W,D,R,A,I,A,E,Y,A,A,R,I,E,A,L,I,R,A,L,Q,E,Q,Q,E,K,N,E,A,I,L,R,E,L,-,-,-,-,-,-,-,-,-,-
seq_125:2429:4.352241404323226:Class_I,-,-,-,-,-,-,-,-,-,-,T,T,W,E,E,W,D,R,E,I,N,E,Y,T,S,R,I,E,S,L,I,R,E,S,Q,E,Q,Q,E,K,N,E,Q,E,L,R,E,L,-,-,-,-,-,-,-,-,-,-
seq_128:C46-EHO:1.9:Class_I,-,-,-,-,-,-,-,-,-,-,-,-,W,Q,Q,W,E,R,Q,V,R,F,L,D,A,N,I,T,K,L,L,E,E,A,Q,I,Q,Q,E,K,N,M,Y,E,L,Q,E,L,D,K,N,A,S,L,W,N,W,F
seq_129:AA-C34:1.3:Class_I,-,-,-,-,-,-,-,-,-,-,A,A,W,M,E,W,D,R,E,I,N,N,Y,T,S,L,I,H,S,L,I,E,E,S,Q,N,Q,Q,E,K,N,E,Q,E,L,L,-,-,-,-,-,-,-,-,-,-,-,-
seq_139:2P23Q:1.39:Class_I,-,-,-,-,-,-,-,-,-,E,M,T,W,Q,E,W,E,Q,K,V,E,E,L,E,K,K,I,E,E,L,L,K,-,-,-,-,-,-,-,-,-,-,-,-,-,-,-,-,-,-,-,-,-,-,-,-,-,-
seq_140:YIK:0.275:Class_I,-,-,-,-,-,-,-,-,-,E,M,T,W,E,E,W,E,K,K,I,E,E,Y,I,K,K,I,E,E,I,L,K,K,S,Q,N,Q,Q,I,D,L,-,-,-,-,-,-,-,-,-,-,-,-,-,-,-,-,-
seq_155:MT-SFT:0.8:Class_I,-,-,-,-,-,-,-,-,-,-,M,T,W,E,T,W,E,R,E,I,E,N,Y,T,R,Q,I,Y,R,I,L,E,E,S,Q,E,Q,Q,D,R,N,E,R,D,L,L,E,-,-,-,-,-,-,-,-,-,-,-
seq_165:MT-SC34_ROD:0.84:Class_I,-,-,-,-,-,-,-,-,-,-,M,T,W,Q,E,W,E,K,Q,V,R,Y,L,E,A,N,I,S,K,S,L,E,Q,A,Q,I,Q,Q,E,K,N,M,Y,E,L,Q,-,-,-,-,-,-,-,-,-,-,-,-
seq_171:Sifuvirtide/SFT:2.87:Class_I,-,-,-,-,-,-,-,-,-,-,-,S,W,E,T,W,E,R,E,I,E,N,Y,T,R,Q,I,Y,R,I,L,E,E,S,Q,E,Q,Q,D,R,N,E,R,D,L,L,E,-,-,-,-,-,-,-,-,-,-,-
seq_178:CP32M:1.8:Class_I,-,-,-,-,-,V,E,W,N,E,M,T,W,M,E,W,E,R,E,I,E,N,Y,T,K,L,I,Y,K,I,L,E,E,S,Q,E,Q,-,-,-,-,-,-,-,-,-,-,-,-,-,-,-,-,-,-,-,-,-
