sequence,length,provide,status_filter
LNNCLLLGTEVSEALGGA,18,DB_HIV,0
IRKAHCNISRADWND,15,DB_HIV,0
LVQPRGPRSGPGPWQGGRRKFRRQRPRLSHKGPMPF,36,DB_HIV,0
YCKKCCYHCQ,10,DB_HIV,0
PPLNNCLLLGTEVSEALGGAGLTGG,25,DB_HIV,0
SPLGFGSYTMTKIRDSLHLV,20,DB_HIV,0
SKIDVWSLVPVGSASCTIAA,20,DB_HIV,0
YTSLIHSLIEEHQNQQEKNEQELLELDKWASLWNWF,36,DB_HIV,0
LLQLTVWGIKQLQARIL,17,DB_JAH,0
PKSSWSDHEASSGV,14,DB_HIV,0
MTWQEWEQQVRYLEANISQRL,21,DB_JAH,0
EMTWEEWEKKVEELEKKIEELLK,23,DB_JAH,0
MTWEAWDRAIAEYAARIEALIRAAQEQQEKNEAALREL,38,DB_HIV,0
NCLLLGTEVSEALGGAGLTGG,21,DB_HIV,0
LEAIPCSIPPCVAFNKPFVF,20,DB_HIV,0
NCLLLGTEVSEALGGAGLT,19,DB_HIV,0
EESQNQQEKNEQELLELDKWASLWNWFNITNWLWLI,36,DB_HIV,0
FFIILLTIDRYLAVV,15,DB_HIV,0
PFVFLM,6,DB_HIV,0
YTSLIHSLIEESQNQQEKNEQELLELDKWASLWNAF,36,DB_HIV,0
GTEVSEALGGAGLTGGFY,18,DB_HIV,0
SGIVQQQNNLLRAIEAQQHLLQLTVWGIKQLQAR,34,DB_HIV,0
YTSLIHSLIEEWQNQQEKNEQELLELDKWASLWNWF,36,DB_HIV,0
EMTWEEWEKKIEEYIKKIEEILKKSQNQQIDL,32,DB_JAH,0
NHTTWMEWDREINNYTSLIHSLIEESQNQQEKNEQELLELDKWASLWNWFNIKIL,55,DB_HIV,0
PTGERVWDRGNVTLLCDCPN,20,DB_HIV,0
FWNWLSAWIKKTYEEIKKTYEEIKKTYEEIERDWEMV,37,DB_HIV,0
EWDREINNYTSLIHSLIEESQNQQEKNEQELLELDK,36,DB_HIV,0
GKKYRRFRWKFKFGKWFWFG,20,DB_HIV,0
NKPFVFLM,8,DB_HIV,0
WMEWDREINNYTSLIGSLIEESQNQQEKNEQELLE,35,DB_HIV,0
AQLVGELGSLYGPLSVSA,18,DB_HIV,0
GIFPKIIGKGIVNGIKSLAKGVGMKVFKAGLNNIGNTGCNNRDEC,45,DB_HIV,0
YTSLIHSLIEERQNQQEKNEQELLELDKWASLWNWF,36,DB_HIV,0
APKEWMAWAREIAAYAKLIAALIKQGI,27,DB_HIV,0
PEVFLM,6,DB_HIV,0
GLMDTVKNVAKNLAGHMLDKLKCKITGC,28,DB_HIV,0
ASTTTNYT,8,DB_HIV,0
NCCAPEDIGFCLEGGCLV,18,DB_HIV,0
EFVFLM,6,DB_HIV,0
TTWEAWDRAIAEYAARIEALIRALQELQEKNEAALREL,38,DB_HIV,0
WQQWERQVRFLDANITKLLEEAQIQQEKNMYELQELDKWASLWNWF,46,DB_JAH,0
RCGTGPRLTKDLEAVPFVNR,20,DB_HIV,0
EELAKKAEELAKKAEELAKKAEELAKKAWASLWNWFLEAIPMSIPPEVKFNKPFVF,56,DB_JAH,0
MTWMEWDREINNYTSLIHSLIEESQNQQEKNEQELLEL,38,DB_HIV,0
LEAIPMSIPPEVKANKPFVF,20,DB_HIV,0
SGIDQEQNNLTRLIEAQIHELQLTQWKIKQLLARIL,36,DB_JAH,0
WQEWEQKITALLEQAQIQQEKNEYELQKLDKWASL WEWF,40,DB_HIV,0
LEAIPMCIPPECAFNKPFVF,20,DB_HIV,0
RSQKEGLHYTCSSHFPYSQYQFWK,24,DB_HIV,0
CLLLGTEVSEALGGAGLTGG,20,DB_HIV,0
YTSLIHSLIEEDQNQQEKNEQELLELDKWASLWNWF,36,DB_HIV,0
TTWEAWDRAIAEYAARIEALLRALQEQQEKNEAALRELDKWASLWNWF,48,DB_JAH,0
SWETWEREIENYTRQIYRILEESQEQQDRNERDLLE,36,DB_JAH,0
VPVGSASCTIAALGSSDR,18,DB_HIV,0
WMEWDREIEEAAKKLEEAAKKLEEAAKKLEEAAKKL,36,DB_HIV,0
ETGSVRFPFHRCGTGPRLTK,20,DB_HIV,0
DREINNYTSLIHSLIEESQNQQEKNEQELLELDKWA,36,DB_HIV,0
YTSLIHSLIEESQNLQEKNEQELLELDKWASLWNWF,36,DB_HIV,0
QHLLQLTVWGIKQLQARILAVERYLKDQ,28,DB_HIV,0
YTSLIHSLIEEPQNQQEKNEQELLELDKWASLWNWF,36,DB_HIV,0
WERKVDFLEENITALLEEAQIQQEKNMYELQKLNS,35,DB_HIV,0
AVGIGAMFLGFLGAAGSTMGAAS,23,DB_HIV,0
INVKQIAARLLPPLYSLV,18,DB_HIV,0
APKEWMAWAREIAAYAKLIAALI,23,DB_HIV,0
VQQQNNLLRAIEAQQHLLQLTVWGIKQL,28,DB_HIV,0
INNYTSLIGSLIEESQNQQEKNEQELLE,28,DB_HIV,0
SGIVQQQNNLLRAIEAQQHLLQLTVWGIKQCCGR,34,DB_HIV,0
LFFLLTVPFWAHYA,14,DB_HIV,0
VWGIKQLQARILAVERYLKDQQLLGIWG,28,DB_HIV,0
KKKMVLGVFALLSLISGSLKK,21,DB_HIV,0
IEAQQHLLQLTVWGIKQLQARIL,23,DB_JAH,0
LLLGTEVSEALGGAGLTGG,19,DB_HIV,0
NHTTWMEWDREINNYTSLIHSLIEESQNQQEKNEQELLELDKW,43,DB_HIV,0
LAAIPMSIPPEVKFNKPFVF,20,DB_HIV,0
WMEWDREINNYTSLIHSLIEESQNQQEKNEQELLEL,36,DB_JAH,0
PNGPWVWVPAFCQAVGWGDP,20,DB_HIV,0
NCLLLGTEVSEALGGAGL,18,DB_HIV,0
YTSLIHSLIEESQNQQEKNEQELLELDKWASLWNWF,36,DB_JAH,0
SWFASTGGRDSKIDVWSLVP,20,DB_HIV,0
LEAIPMSAPPEVKFNKPFVF,20,DB_HIV,0
YTSLIHSLIEESQQQQEKNEQELLELDKWASLWNWF,36,DB_HIV,0
LEAIPCSIPPCFAFNKPFVF,20,DB_HIV,0
RQLLSQIVQQQNNLLRAIEAQQHLLQLT,28,DB_HIV,0
MTWQQWERQVRFLDANITKLL,21,DB_JAH,0
VEWNEMT WMEWEREI ENYTKLIYKILEESQEQ,34,DB_HIV,0
YTSLIHSLIEENQNQQEKNEQELLELDKWASLWNWF,36,DB_HIV,0
WMEWDREINNYTSLIHSLIEESQNQQEKNEQELLELDKWASLWNWFNITNWLWYIK,56,DB_HIV,0
WMEWDRKIEEYTKKIKKLIEESQEQQEKNEKELK,34,DB_JAH,0
EWDREINNYTSLIHSLIEESQNQQEKNEQE,30,DB_HIV,0
AVGIGALFLGFLGAAGSTMGARSMTLTVQARQL,33,DB_HIV,0
ESVKITCARPYQNTRQRTPIGLGQSLYTTRSRSIIGQAHCNIS,43,DB_HIV,0
YTSLIHSLIEESQNQQEKNEQELLELDKWASLFNFF,36,DB_HIV,0
EINNYTSLIHSLIEESQNQQEKNEQELLELDKWASL,36,DB_HIV,0
PLNNCLLLGTEVSEALGGAG,20,DB_HIV,0
WEEWDKKIEEYTKKIEELIKKSEEQQKKN,29,DB_JAH,0
IKKEIEAIKKEQEAIKKKIEAIEKEIEAQQHLLQLTVWGIKQLQARILAVERY,53,DB_HIV,0
DFLEENITALLEEAQIQQEKNMYELQKLNSWDVFG,35,DB_HIV,0
TMWMEWDREINNYTSLIHSLIEESQNQQEKNEQELL,36,DB_JAH,0
ELTWEEWEKKVEELEKKIEELLK,23,DB_JAH,0
DCPNGPWVWVPAFCQAVGWG,20,DB_HIV,0
WEEWDKKIEEYTKKIEELIKKSQNQQ,26,DB_JAH,0
KGACDYPEWQWLCAA,15,DB_HIV,0
WMEWDREINNYTSLIHSLIEESQNQQEKNEQELLE,35,DB_HIV,0
LEAIPMSIPPEVKFNKAFVF,20,DB_HIV,0
NKSLEQIWNNMTWMEWDREINNYTSLIHSLIEESQN,36,DB_HIV,0
NNMTWMEWDREINNYTSLIHSLIEESQNQQEKNEQE,36,DB_HIV,0
YTSLIHSLIEESQNQQEKNEQELLELDKPASLWNWF,36,DB_HIV,0
GFSSIFRGVAKFASKGLGKDLARLGVNLVACKISKQC,37,DB_HIV,0
LEAIPMSIPPEAKFNKPFVF,20,DB_HIV,0
GLTGGFYEPLVRRCSELMGR,20,DB_HIV,0
MTWEEWDKKIEEYTKKIEELIKKS,24,DB_JAH,0
YTSLIHSLIEEIQNQQEKNEQELLELDKWASLWNWF,36,DB_HIV,0
TTWEEWDREINEYTSRIESLIRESQEQQEKNEQELREL,38,DB_HIV,0
IKKEIEAIKKEQEAIKKKIEAIEKEIEAQQHLLQLTVWGIKQLQARIL,48,DB_JAH,0
FVFLM,5,DB_HIV,0
EQIWNNMTWMEWDREINNYTSLIHSLIEESQNQQEK,36,DB_HIV,0
WEEWDRKIEEYTKKIKKLIEESQEQQEKNEKELK,34,DB_HIV,0
ANGSRIPTGERVWDRGNVTL,20,DB_HIV,0
LEAIPCSIPPCVGFGKPFVF,20,DB_HIV,0
WTEWDREINNYTSQIHSLIEELQNQQEKNEQELNEL,36,DB_JAH,0
KIEEIESKIKKIENEIARIKKLLQLTVWGIKQLQARIL,38,DB_JAH,0
YTSLIHSLIEETQNQQEKNEQELLELDKWASLWNWF,36,DB_HIV,0
RQLLSGIVQQQNNLLRAIEAQQHLLQK,27,DB_HIV,0
YTSLIHSLIEESQNQQEKNEQELLELDKWASPWNWF,36,DB_HIV,0
WMEWDREINNYTSLIHSLIEESQNIQEKNEQELLEL,36,DB_JAH,0
IKKEIEAIKKEQEAIKKKIEAIEKLLQLTVWGIKQLQARIL,41,DB_JAH,0
WASLWNWF,8,DB_HIV,0
EMTWEEWEKKIEEYTKKIEEILK,23,DB_JAH,0
ELSEWGVPCVTCILDRRPAS,20,DB_HIV,0
KKISEEQKKIQEEIKKILEESKKILEEIERDWEMW,35,DB_JAH,0
ALWKTMLKKLGTMALHAGKAALGAAADTISQGTQ,34,DB_HIV,0
WVWVPAFCQAVGWGDPITHW,20,DB_HIV,0
WMEWDREINNYTSLIHSLIEESQNQQEKNEQILLEL,36,DB_JAH,0
PFVYLI,6,DB_HIV,0
TTWEAWDRAIAEYAARIEALIRAAQEQQEKLEAVLREL,38,DB_HIV,0
TTWEAWDRAIAEYAARIEALIRALQEQQEKNEAALREL,38,DB_HIV,0
TLTVQARQLLSGIVQQQNNLLRAIEAQQHLLQLTVWGIKQLQARIL,46,DB_HIV,0
APERASSVYTRSTGEQEI,18,DB_HIV,0
LKARTVTFGVVTSVI,15,DB_HIV,0
AAAQWDFGNTMC,12,DB_HIV,0
SDRDTVVELSEWGVPCAT,18,DB_HIV,0
WEEMDREINNYTKLIHELIEESQNQQEKNEQELL,34,DB_JAH,0
YTSLIHSLIEESQNQQEKNQQELLQLDKWASLWNWF,36,DB_HIV,0
MTWEEWDKKIEEYTKKIEELIKKSEEQQKKN,31,DB_JAH,0
QIWNNMTWMEWDREINNYTSLIHSLIEESQNQQEKN,36,DB_HIV,0
VGSASCTIAALGSSDRDTVV,20,DB_HIV,0
KSLEQIWNNMTWMEWDREINNYTSLIHSLIEESQNQ,36,DB_HIV,0
SLEQIWNNMTWMEWDREINNYTSLIHSLIEESQNQQ,36,DB_HIV,0
DLEAVPFVNRTTPFTIRGPL,20,DB_HIV,0
KKISEEQKKIQEEIKKILEESKKILEEIKKDWEEWTM,37,DB_JAH,0
ESQNQQEKNEQELLELDKWASLWNWFNITNWLWLIK,36,DB_HIV,0
GPWVWVPAFCQAVGWGDPIT,20,DB_HIV,0
WLEWDRKIEEYTKKIEELIKKSQEQQEKNEKELK ,35,DB_JAH,0
QEFFGLNNCSSSNRLD,16,DB_HIV,0
EALAKAAEALAKAAEALAKAAEALAKAAWASLWNWF,36,DB_HIV,0
LEAIPASIPPEVKFNKPFVF,20,DB_HIV,0
LEAIPMSIPPEVKFNAPFVF,20,DB_HIV,0
LGSSDRDTVVELSEWGVPCV,20,DB_HIV,0
YTSLIHSLIEEFQNQQEKNEQELLELDKWASLWNWF,36,DB_HIV,0
YTSLIHSLIEESQNQQEKNEQELLELNKWASLWNWF,36,DB_HIV,0
TSLIHSLIEESQNQQEKNEQELLELDKWASLWNWFN,36,DB_HIV,0
YTSLIHSLIEEEQNQQEKNEQELLELDKWASLWNWF,36,DB_HIV,0
QAVGWGDPITHWSHGQNQWP,20,DB_HIV,0
VSVTCVWGSVSWFASTGGRD,20,DB_HIV,0
RMKQIEDKIEEIESKQKKIENEIARIKKLLQLTVWGIKQLQARIL,45,DB_HIV,0
MTWEEWDKKIEEYTKKIEELIKKSQNQQ,28,DB_JAH,0
WEEWDKKIEEYTKKIEELIKKS,22,DB_JAH,0
LIEESQNQQEKNEQELLELDKWASLWNWFNITNWLW,36,DB_HIV,0
RGNVTLLCDCPNGPWVWVPA,20,DB_HIV,0
CLLLGTEVSEALGGAGLT,18,DB_HIV,0
CSCRANGSRIPTGERVWDRG,20,DB_HIV,0
SGIVQQQNNLLRAIEAQQHLLQLTVWGIKQCCGRISGIVQQQNNLLRA,48,DB_HIV,0
MTWQEWEKQVRYLEANISKSLEQAQIQQEKNMYELQ,36,DB_JAH,0
PPINNCMPLGTEVSEALGGA,20,DB_HIV,0
WTEWDREINNYTSQIHSLIEESQNQQEKNEQILNEL,36,DB_JAH,0
LEAIPMSIPPEVAFAKPFVF,20,DB_HIV,0
WEEWDKKIEEYTKKIEELIKKSQNQQIDI,29,DB_JAH,0
TTWEAWDRAIAEYAARIEALIRAAQEQQEKLEAALREL,38,DB_HIV,0
EMTWEEWEKKIEEYTKKIEEILKKSQNQQIDL,32,DB_JAH,0
NYTSLIHSLIEESQNQQEKNEQELLELDKWASLWNW,36,DB_HIV,0
KQKKIENEIARIKKLLQLTVWGIKQLQARIL,31,DB_JAH,0
MTWMAWDRAIANYAALIHALIEAAQNQQEKNEAALLEL,38,DB_HIV,0
MDYQVSSPIYDINYYTSEPCQKINVK,26,DB_HIV,0
FCQAVGWGDPITHWSHGQNQ,20,DB_HIV,0
WMEWDREINNYTSLIHSLIEEPQNQQEKNEQELL,34,DB_HIV,0
MTWEEWDKKIEEYTKKIEELI,21,DB_JAH,0
LEAIPCSIPPCVFFNKPFVF,20,DB_HIV,0
LKKELEALKKEQEALKKKLEALEKLLQLTVWGIKOLQARIL,41,DB_JAH,0
KGACELLGWEWAWLCAA,17,DB_HIV,0
MTWEEWDKKIEEYTKKIEELIK,22,DB_JAH,0
WQQWERQVRFLDANITKLLEEAQIQQEKNMYELQELDKNASLWNWF,46,DB_JAH,0
SQNQQEKNEQELLELDKWASLWNWFNITNWLWLIKI,36,DB_HIV,0
TKIRDSLHLVKCPTPAIEPP,20,DB_HIV,0
SWETWEREIENYTKQIYKILEESQEQQDRNEKDLLE,36,DB_HIV,0
VRRCSELMGRRNPVCPGYAW,20,DB_HIV,0
GRKKRRQRRR,10,DB_HIV,0
WTEWDREINNYTSQIHSLIEESQNIQEKNEQELNEL,36,DB_JAH,0
QIWNNMTWMEWDREINNYTSLIHSLIEESQNQ,32,DB_JAH,0
YTSLIHSLIEELQNQQEKNEQELLELDKWASLWNWF,36,DB_HIV,0
LEAIPMSIPPEVKFNKPFAF,20,DB_HIV,0
LLLGTEVSEALGGAGLTG,18,DB_HIV,0
TRQARRNRRRWRERQRAAAAC,21,DB_HIV,0
EEYTKKIEEYTKKIEEYTKKIEEYTKKIWASLWNWF,36,DB_HIV,0
YTSLIHSLIEESQNQQEKNEQELLELDKWASLANWF,36,DB_HIV,0
WQEWEKQVRYLEANISKSLEQAQIQQEKNMYELQ,34,DB_JAH,0
LEAIPMSIPPEVKFNKPFVF,20,DB_JAH,0
WMEWDREINNYTSLIHSLIEESQNQQEK,28,DB_HIV,0
GERVWDRGNVTLLCDCPNGP,20,DB_HIV,0
NVTLLCDCPNGPWVWVPAFC,20,DB_HIV,0
EINCTRPNNNTRKSIHIGPGRAFYTTGEIIGDIRQAHCNIS,41,DB_HIV,0
FLEENITALLEEAQIQQEKNMYELQKLNSWDVFGN,35,DB_HIV,0
CTRPNNNTRKSIRIQRGPGRAFVTIGKIGNMRQAHC,36,DB_HIV,0
TWMEWDREINNYTSLIHSLIEESQNQQEKNEQELLE,36,DB_HIV,0
KPFVFLM,7,DB_HIV,0
HWSHGQNQWPLSCPQYVYGS,20,DB_HIV,0
TTWEAWDRAIAEYAARIEALIRALQELQEKNEAILREL,38,DB_HIV,0
WEEWDKKIEEYTKKIEELIKKSEEQQKKNEEELKK ,36,DB_JAH,0
TTWEAWDRAIAEYAARIEALIRAAQEQQEKNEAALREL,38,DB_JAH,0
TTWEAWDRAIAEYAARIEALIRAAQELQEKNEAALREL,38,DB_HIV,0
TEVSEALGGAGLTGGFYE,18,DB_HIV,0
EWDREINNYTSLIHSLIEESQNQQEKNEQELLELDKWASLW,41,DB_HIV,0
NNCLLLGTEVSEALGGAG,18,DB_HIV,0
SLIHSLIEESQNQQEKNEQELLELDKWASLWNWFNI,36,DB_HIV,0
MEWDREINNYTSLIHSLIEESQNQQEKNEQELLELD,36,DB_HIV,0
TLLCDCPNGPWVWVPAFCQA,20,DB_HIV,0
INNYTSLIHSLIEESQNQQEKNEQELLELDKWASL,35,DB_HIV,0
YTSLIHSLIEEKQNQQEKNEQELLELDKWASLWNWF,36,DB_HIV,0
YEPLVRRRSELMGRRNPV,18,DB_HIV,0
TGEKVWDRGNVTLLCDCP,18,DB_HIV,0
IKKTYEEIKKTYEEIKKTYEEIKKTYEEIKKTYEE,35,DB_HIV,0
RVWDRGNVTLLCDCPNGPWV,20,DB_HIV,0
GSASCTIAALGSSDRDTV,18,DB_HIV,0
WQEWEQQVRYLEANISQRLEQAQIQQEKNMYELQ,34,DB_JAH,0
MTLTVQARQLLSQIVQQQNNLLRAIEAQ,28,DB_HIV,0
KVINPEPIVEPFMSKPFALF,20,DB_HIV,0
TEVSEALGGAGLTGGFYEPL,20,DB_HIV,0
YTSLIHSLIEEGQNQQEKNEQELLELDKWASLWNWF,36,DB_HIV,0
LEAIPMSIPPEVKFAKPFVF,20,DB_HIV,0
LEAIPCSIPPCFLFGKPFVF,20,DB_HIV,0
EELAKKAEELAKKAEELAKKAEELAKKAWASLWNWF,36,DB_JAH,0
SGIDQEQNNLTRLIEAQIHELQLTQWKIKQLLARILK,37,DB_HIV,0
QRPRLSHKGPMPF,13,DB_HIV,0
QNQQEKNEQELLELDKWASLWNWFNITNWLWLIKIF,36,DB_HIV,0
LEAIPCSIPPCVLFNKPFVF,20,DB_HIV,0
VDFLEENITALLEEAQIQQEKNMYELQKLNSWDVF,35,DB_HIV,0
LEAIPMSIPAEVKFNKPFVF,20,DB_HIV,0
SGIVQQQNNLLRAIEAQQHLLQLTVWGIKQLQARIL,36,DB_JAH,0
WMEWDREIEEYTKKIEEYTKKIEEYTKKIWASLWNWF,37,DB_JAH,0
CPTPAIEPPTGTFGFFPG,18,DB_HIV,0
MTWEEWDKKIEEYTKKIEELIKKSQNQQIDL ,32,DB_JAH,0
NNCLLLGTEVSEALGGAGL,19,DB_HIV,0
SLIEESQNQQEKNEQELLELDKWASLWNWFNITNWL,36,DB_HIV,0
PFVFLE,6,DB_HIV,0
LEAIPMSIAPEVKFNKPFVF,20,DB_HIV,0
KIEEIESKQKKIENEIARIKKLLQLTVWGIKQLQARIL,38,DB_JAH,0
LLQLTVWGIKQLQARILAIKKEIEAIKKEQEAIKKKIEAI,40,DB_JAH,0
LEAIPMSIPPEVAFNKPFVF,20,DB_HIV,0
QGHLQEVDAGNFIPPPRW,18,DB_HIV,0
LEAAPMSIPPEVKFNKPFVF,20,DB_HIV,0
RNPVCPGYAWLSSGRPDGFI,20,DB_HIV,0
IRKAHCNISRAKWND,15,DB_HIV,0
LEAIPMSIPPEVFFNKPFVF,20,DB_HIV,0
WMEWDREIEEAAKKLEEAAKKLEEAAKKLWASLWNWF,37,DB_HIV,0
CSSHFPYSQYQFWK,14,DB_HIV,0
YTSLIHSLIEESQNQQEKLEQELLELDKWASLWNWF,36,DB_HIV,0
VPPLNNCLLLGTEVSEALGG,20,DB_HIV,0
WMEWDREINNYTSLIHSLIEEWQNQQEKNEQELL,34,DB_HIV,0
WQEWEQKITALLEQAQIQQEKNEYELQKLDKWASLWEWF,39,DB_JAH,0
YTSLIHSLIEESQNQQEKNEQQLLELDKWASLWNWF,36,DB_HIV,0
PKDGPSPGGTLMDLSERQEVSSVRSLSST,29,DB_HIV,0
LNNCLLLGTEVSEALGGAGLTGG,23,DB_HIV,0
CRANGSRIPTGERVWDRGNV,20,DB_HIV,0
WTEWDREINNYTSQIHSLIEESQNQQEKNEQELNEL,36,DB_JAH,0
PFVFLR,6,DB_HIV,0
LRCRNEKKRHRAVRLIFTI,19,DB_HIV,0
YTSLIHSLIEESQNQQEKNEQELLEFDKWASLWNWF,36,DB_HIV,0
NMTWMEWDREINNYTSLIHSLIEESQNQQEKNEQEL,36,DB_HIV,0
FHRCGAGPKLTKDLEAVP,18,DB_HIV,0
AVGIGALFLGFLGAAGSTMGARSAMTLTVQRQL,33,DB_HIV,0
RINNIPWSEAMM,12,DB_HIV,0
NNCLLLGTEVSEALGGAGLT,20,DB_HIV,0
LVRRRSELMGRRNPVCPG,18,DB_HIV,0
AEAIPMSIPPEVKFNKPFVF,20,DB_HIV,0
TTWEAWDRAIAEYAARIEALLRALQEQQEKNEAALREL,38,DB_JAH,0
GSRIPTGERVWDRGNVTLLC,20,DB_HIV,0
WDRGNVTLLCDCPNGPWVWV,20,DB_HIV,0
YTSLIHSLIEEAQNQQEKNEQELLELDKWASLWNWF,36,DB_HIV,0
RMKQIEDKIEEIESKQKKIENEIARIKKLIGERY,34,DB_HIV,0
YTSLIHSLIEEMQNQQEKNEQELLELDKWASLWNWF,36,DB_HIV,0
YTSLIQSLIEESQNQQEKNEQQLLELDKWASLWNWF,36,DB_HIV,0
NNCLLLGTEVSEALGGAGLTGG,22,DB_HIV,0
VFASLPGIIFTRSQKEGL,18,DB_HIV,0
WMEWDREIEEYTKKIEEYTKKIEEYTKKIEEYTKKI,36,DB_HIV,0
QAGLAVRPGKSAAQLVGE,18,DB_HIV,0
LEQIWNNMTWMEWDREINNYTSLIHSLIEESQNQQE,36,DB_HIV,0
APKEWMEWDREINNYTSLIHSLIKQGI,27,DB_HIV,0
RIPTGERVWDRGNVTLLCDC,20,DB_HIV,0
GLFPKFNKKKVKTGIFDIIKTVGKEAGMDVLRTGIDVIGCKIKGEC,46,DB_HIV,0
RMKQIEDKIEEIESKIKKIENEIARIKKLLQLTVWGIKQLQARIL,45,DB_JAH,0
LEAIAMSIPPEVKFNKPFVF,20,DB_HIV,0
MTWCDWRDEIERYTKKIEELIRAAQEWQEKNEAALKEL,38,DB_JAH,0
GLLASLGKVFGGYLAEKLKPK,21,DB_HIV,0
YTSLIHSLIEESQNQQEKNEQELLQLDKWASLWNWF,36,DB_HIV,0
RFPFHRCGAGPKLTKDLE,18,DB_HIV,0
WNNMTWMEWDREINNYTSLIHSLIEESQNQQEKNEQ,36,DB_HIV,0
TYICEVEDQKEE,12,DB_HIV,0
MTWQQWERQVRFLDANITKLLEEAQIQQEKNMYELQ,36,DB_JAH,0
LEAIPMSIPPEFLFGKPFVF,20,DB_HIV,0
WQQWERQVRFLDANITKLLEEAQIQQEKNMYELQ,34,DB_JAH,0
MTWEEWDKKIEEYTKKIEELIKK,23,DB_JAH,0
GAPASVLGSRPFDYGLKWQS,20,DB_HIV,0
CDGGIKKEIEAIKKEQEAIKKKIEAIEKLLQLTVWGIKQLQARIL,45,DB_HIV,0
LVKCPTPAIEPPTGTFGF,18,DB_HIV,0
WEEWDKKIEEYTKKIEELIKKSQNQQLDI,29,DB_JAH,0
TTWEAWDRAIAEYAARIEALIRALQELQEKLEAILREL,38,DB_HIV,0
MTWQEWEKQVRYLEANISKSL,21,DB_JAH,0
KCPTPAIEPPTGTFGFFPGV,20,DB_HIV,0
TTPFTIRGPLGNQGRGNPVR,20,DB_HIV,0
KKGACEARHREWAWLCAA,18,DB_HIV,0
INNYTSLIHSLIEESQNQQEKNEQELLE,28,DB_HIV,0
YTSLIHSLIEESQNQQEKNEQELLELDKWASLWNSF,36,DB_HIV,0
NNYTSLIHSLIEESQNQQEKNEQELLELDKWASLWN,36,DB_HIV,0
WEEWDKKIEEYTKKIEELIKKSEEQQKKNEEELKK,35,DB_HIV,0
ELTWEEWEKKIEEYTKKIEEILK,23,DB_JAH,0
AAWMEWDREINNYTSLIHSLIEESQNQQEKNEQELL,36,DB_JAH,0
WMEWDREINNYTSLIHSLIEELQNIQEKNEQELLEL,36,DB_JAH,0
EWERKVDFLEENITALLEEAQIQQEKNMYELQKLN,35,DB_HIV,0
RPRLSHKGPMPF,12,DB_HIV,0
WQTWERQVDNITQTISKALEEAQIQNEKNMYELQKLNQWDIFSNWF,46,DB_JAH,0
WMEWDREINNYTSLIHSLIEETQNQQEKNEQELL,34,DB_HIV,0
GIGDPVTCLKSGAIA,15,DB_HIV,0
WMEWDREINNYTSLIHSLIEESQNQQEKNEQELLELDKWASLWNWFRS,48,DB_HIV,0
INNYTSLIHSLIEESQNQQEKNEQELLELDKWASLW,36,DB_HIV,0
LEAIPCSIPPEFLFGKPFVFLEAIPCSIPPEFLFGKPFVF,40,DB_JAH,0
PAIEPPTGTFGFFPGVPP,18,DB_HIV,0
QARQLLSGIVQQQNNLLRAIEAQQHLLQLTVWGIKQLQARILAVERYLKQQ,51,DB_HIV,0
WMEWDREINNYTSLIHSLIEESQNQQEKNEQELL,34,DB_JAH,0
CGTCVRDCWPETGSVRFPFH,20,DB_HIV,0
YTSLIHSLIEEYQNQQEKNEQELLELDKWASLWNWF,36,DB_HIV,0
LLGTEVSEALGGAGLTGG,18,DB_HIV,0
TGTFGFFPGVPPINNCMPLG,20,DB_HIV,0
EINCTRPNNNTRKSIRIQRGPGRAFVTIGKIGNMRQAHCNIS,42,DB_HIV,0
MTWETWEREIENYTRQIYRILEESQEQQDRNERDLLE ,38,DB_JAH,0
CLLLGTEVSEALGGAGLTG,19,DB_HIV,0
TDVILMCFSIDSPDSLENI,19,DB_HIV,0
TCILDRRPASCGTCVRDCWP,20,DB_HIV,0
IVHVTAKDKGTGKENTIRIQEGSGLSKEDIDRMIKDAEAH,40,DB_HIV,0
CYHCQ,5,DB_HIV,0
LIHSLIEESQNQQEKNEQELLELDKWASLWNWFNIT,36,DB_HIV,0
KKCCYHCQ,8,DB_HIV,0
TTWEAWDRAIAEYAARIEALIRASQEQQEKNEAELREL,38,DB_HIV,0
PLNNCLLLGTEVSEALGG,18,DB_HIV,0
LEAIPMSIPPAVKFNKPFVF,20,DB_HIV,0
TTWEAWDRAIAEYAARIEALIRAAQELQEKLEAALREL,38,DB_HIV,0
SLEQIWNNMTWMQWDK,16,DB_HIV,0
PLNNCLLLGTEVSEALGGAGLTGG,24,DB_HIV,0
PAFCQAVGWGDPITHWSHGQ,20,DB_HIV,0
YTSLIHSLIEESQNQQEKNEQELLELDKWASLANAA,36,DB_HIV,0
QARQLLSQIVQQQNNLLRAIEAQQHLLQ,28,DB_HIV,0
WMEWEREIDNYTSEIYTLIEESQNQQEKNEQELL,34,DB_HIV,0
NNYTSLIHSLIEESQNQQEKNEQELLELDK,30,DB_HIV,0
LEAIPCSIPPCVFFGKPFVF,20,DB_HIV,0
YTSLIHSLIEEVQNQQEKNEQELLELDKWASLWNWF,36,DB_HIV,0
LEAIPCSIPPEFLFGKPFVF,20,DB_HIV,0
LSSGRPDGFIHVQGHLQEVD,20,DB_HIV,0
EMTWQEWEQKVEELEKKIEELLK,23,DB_JAH,0
FCLEGGCLVALGCTICTD,18,DB_HIV,0
YTSLIHSLIEEQQNQQEKNEQELLELDKWASLWNWF,36,DB_HIV,0
DGFIHVQGHLQEVDAGNF,18,DB_HIV,0
GRPDGFIHVQGHLQEVDA,18,DB_HIV,0
WMEWDREI,8,DB_HIV,0
PFDYGLKWQSCSCRANGSRI,20,DB_HIV,0
WMEWDREIEELAKKAEELAKKAEELAKKAWASLWNWF,37,DB_HIV,0
IEAQQHLLQLTVWGIKQLQARILAVERYGYIPEAPRDGQAYVRKDGEWVLLSTFL,55,DB_JAH,0
WVNQLAVLGLPAVDAAVA,18,DB_HIV,0
KFRRQRPRLSHKGPMPF,17,DB_HIV,0
LQEVDAGNFIPPPRWLLL,18,DB_HIV,0
WTEWDREINNYTSQIHSLIEESQNQQEKLEQELNEL,36,DB_JAH,0
RKVDFLEENITALLEEAQIQQEKNMYELQKLNSWD,35,DB_HIV,0
DTVVELSEWGVPCATCIL,18,DB_HIV,0
WQEWERKVDFLEENITALLEEAQIQQEKNMYELQK,35,DB_HIV,0
IWNNMTWMEWDREINNYTSLIHSLIEESQNQQEKNE,36,DB_HIV,0
TRQARRNRRRWRERQR,16,DB_HIV,0
HSLIEESQNQQEKNEQELLELDKWASLWNWFNITNW,36,DB_HIV,0
WMEWDREINNYTSLIHSLIEELQNQQEKNEQELL,34,DB_HIV,0
QPSVQIQVYQGEREIAAHNK,20,DB_HIV,0
ERKVDFLEENITALLEEAQIQQEKNMYELQKLNSW,35,DB_HIV,0
VEWNEMTWMEWEREIENYTKLIYKILEESQEQ,32,DB_JAH,0
TTWMEWDREINNYTSLIHSLIEESQNQQEKNEQELLEL,38,DB_HIV,0
NNLLRAIEAQQHLLQLTVWGIKQLQARILAVERYLKDQ,38,DB_HIV,0
TWQEWERKVDFLEENITALLEEAQIQQEKNMYELQ,35,DB_HIV,0
NQQEKNEQELLELDKWASLWNWFNITNWLWLIKIFI,36,DB_HIV,0
LEAIPMSIPPEVKFNKPAVF,20,DB_HIV,0
SGIVQQLNNQLRAEEANQHLEQLSVWGSKQNQARRLK,37,DB_HIV,0
LGTEVSEALGGAGLTGGF,18,DB_HIV,0
LSCPQYVYGSVSVTCVWGSV,20,DB_HIV,0
YGGIKKEIEAIKKEQEAIKKKIEAIEKEIEA,31,DB_HIV,0
QKEGLHYTCSSHFPYSQYQF,20,DB_HIV,0
REINNYTSLIHSLIEESQNQQEKNEQELLELDKWAS,36,DB_HIV,0
QEWERKVDFLEENITALLEEAQIQQEKNMYELQKL,35,DB_HIV,0
GNQGRGNPVRSPLGFGSYTM,20,DB_HIV,0
YTSLIHSLIQESQNQQEKNEQELLELDKWASLWNWF,36,DB_HIV,0
LEAIPMSIPPEVKFNKPFVA,20,DB_HIV,0
AEGIGALFLGFLGAAGSTMGARSMTLTVQARQL,33,DB_HIV,0
EVSEALGGAGLTGGFYEP,18,DB_HIV,0
YTSLIHSLIQQSQNQQQKNQQQLLQLDKWASLWNWF,36,DB_HIV,0
WMEWDREINNYTSLIHSLIEESQNQQEKNEQELLELDKWASLWNWF,46,DB_HIV,0
IEESQNQQEKNEQELLELDKWASLWNWFNITNWLWL,36,DB_HIV,0
WEEWDKKIEEYTKKIEELIKKSQNQQIDL,29,DB_JAH,0
WMEWDREINNYTSLIHSLIEEAQNQQEKNEQELL,34,DB_HIV,0
WEEWDKKIEEYTKKIEELIKKS ,23,DB_JAH,0
EEAAKKLEEAAKKLEEAAKKLEEAAKKLWASLWNWF,36,DB_HIV,0
ESVVINCTRPNNNTRRRLSIGPGRAFYARRNIIGDIRQAHCNIS,44,DB_HIV,0
MTWQEWEQQVRYLEANISQRLEQAQIQQEKNMYELQ,36,DB_JAH,0
MTWMEWDREINNYTSLIHSLIEESQNQQEKNEQELL,36,DB_JAH,0
KVDFLEENITALLEEAQIQQEKNMYELQKLNSWDV,35,DB_HIV,0
GCKKYRRFRWKFKGKFWFWG,20,DB_HIV,0
IHSLIEESQNQQEKNEQELLELDKWASLWNWFNITN,36,DB_HIV,0
IKKTYEEIKKTYEEIKKTYEEIKKTYEEIERDWEMV,36,DB_HIV,0
WMEWDREINNYTSLIHSLIEESQNQQEKIEQELLEL,36,DB_JAH,0
WVPAFCQAVGWGDPITHWSH,20,DB_HIV,0
WMEWDREIEALAKAAEALAKAAEALAKAAWASLWNWF,37,DB_HIV,0
WMEWDREIEELAKKAEELAKKAEELAKKAEELAKKA,36,DB_HIV,0
WDREINNYTSLIHSLIEESQNQQEKNEQELLELDKW,36,DB_HIV,0
KKISEEQKKIQEEIKKILEESKKILEEIKKDWEEW,35,DB_JAH,0
TTWEAWDRAIAEYAARIEALIRALQEQQEKNEAILREL,38,DB_HIV,0
PRLSHKGPMPF,11,DB_HIV,0
APEDIGFCLEGGCLVALG,18,DB_HIV,0
IHVQGHLQEVDAGNFIPP,18,DB_HIV,0
WEEWDKKIEEYTKKIEELIKKSQNQQLDL,29,DB_JAH,0
YTSLIHSLIEQSQNQQEKNEQELLELDKWASLWNWF,36,DB_HIV,0
LCDCPNGPWVWVPAFCQAVG,20,DB_HIV,0
TTWEAWDRAIAEYAARIEALIRAAQEQQEKNEAILREL,38,DB_HIV,0
