sequence,Not_division,two_domains,three_domains,four_domains,full_join_data,Align with loop1,Align with PBD,Align with CHR,Align with LPB,Align with loop2
EMTWEEWEKKVEELEKKIEELLK,chr_domain,PBD_CHR,loop1_PBD_CHR,PBD_CHR_LPB_loop2,loop1_PBD_CHR_LPB_loop2,,,,,
YTSLIHSLIEEKQNQQEKNEQELLELDKWASLWNWF,chr_domain,CHR_LPB,CHR_LPB_loop2,PBD_CHR_LPB_loop2,loop1_PBD_CHR_LPB_loop2,,,,,
DREINNYTSLIHSLIEESQNQQEKNEQELLELDKWA,chr_domain,PBD_CHR,loop1_PBD_CHR,PBD_CHR_LPB_loop2,loop1_PBD_CHR_LPB_loop2,,,,,
IKKEIEAIKKEQEAIKKKIEAIEKEIEAQQHLLQLTVWGIKQLQARIL,nhr_domain,nhr_domain,nhr_domain,nhr_domain,nhr_domain,,,,,
YTSLIHSLIEESQNQQEKNEQELLELDKPASLWNWF,chr_domain,CHR_LPB,CHR_LPB_loop2,PBD_CHR_LPB_loop2,loop1_PBD_CHR_LPB_loop2,,,,,
WMEWDREINNYTSLIHSLIEELQNIQEKNEQELLEL,chr_domain,PBD_CHR,loop1_PBD_CHR,PBD_CHR_LPB_loop2,loop1_PBD_CHR_LPB_loop2,,,,,
LEAIPMSIPPEVFFNKPFVF,tm_domain,tm_domain,tm_domain,tm_domain,tm_domain,,,,,
YTSLIHSLIEEEQNQQEKNEQELLELDKWASLWNWF,chr_domain,CHR_LPB,CHR_LPB_loop2,PBD_CHR_LPB_loop2,loop1_PBD_CHR_LPB_loop2,,,,,
YTSLIHSLIEEFQNQQEKNEQELLELDKWASLWNWF,chr_domain,CHR_LPB,CHR_LPB_loop2,PBD_CHR_LPB_loop2,loop1_PBD_CHR_LPB_loop2,,,,,
YTSLIHSLIEESQNQQEKNQQELLQLDKWASLWNWF,chr_domain,CHR_LPB,CHR_LPB_loop2,PBD_CHR_LPB_loop2,loop1_PBD_CHR_LPB_loop2,,,,,
TTWEAWDRAIAEYAARIEALIRAAQEQQEKNEAILREL,chr_domain,PBD_CHR,loop1_PBD_CHR,loop1_PBD_CHR_LPB,loop1_PBD_CHR_LPB_loop2,,,,,
YTSLIHSLIEESQNQQEKNEQELLQLDKWASLWNWF,chr_domain,CHR_LPB,CHR_LPB_loop2,PBD_CHR_LPB_loop2,loop1_PBD_CHR_LPB_loop2,,,,,
YTSLIHSLIEESQNLQEKNEQELLELDKWASLWNWF,chr_domain,CHR_LPB,CHR_LPB_loop2,PBD_CHR_LPB_loop2,loop1_PBD_CHR_LPB_loop2,,,,,
WMEWDREINNYTSLIHSLIEESQNQQEKNEQELLELDKWASLWNWFNITNWLWYIK,chr_domain,PBD_CHR,CHR_LPB_loop2,PBD_CHR_LPB_loop2,loop1_PBD_CHR_LPB_loop2,,,,,
WQTWERQVDNITQTISKALEEAQIQNEKNMYELQKLNQWDIFSNWF,chr_domain,CHR_LPB,CHR_LPB_loop2,loop1_PBD_CHR_LPB,loop1_PBD_CHR_LPB_loop2,,,,,
YGGIKKEIEAIKKEQEAIKKKIEAIEKEIEA,cp_domain,cp_domain,loop1_PBD_CHR,loop1_PBD_CHR_LPB,loop1_PBD_CHR_LPB_loop2,,,,,
IHSLIEESQNQQEKNEQELLELDKWASLWNWFNITN,chr_domain,CHR_LPB,CHR_LPB_loop2,PBD_CHR_LPB_loop2,loop1_PBD_CHR_LPB_loop2,,,,,
NMTWMEWDREINNYTSLIHSLIEESQNQQEKNEQEL,chr_domain,PBD_CHR,loop1_PBD_CHR,PBD_CHR_LPB_loop2,loop1_PBD_CHR_LPB_loop2,,,,,
EINNYTSLIHSLIEESQNQQEKNEQELLELDKWASL,chr_domain,CHR_LPB,CHR_LPB_loop2,PBD_CHR_LPB_loop2,loop1_PBD_CHR_LPB_loop2,,,,,
MTWCDWRDEIERYTKKIEELIRAAQEWQEKNEAALKEL,chr_domain,PBD_CHR,cp_domain,PBD_CHR_LPB_loop2,cp_domain,,,,,
KKISEEQKKIQEEIKKILEESKKILEEIERDWEMW,chr_domain,CHR_LPB,loop1_PBD_CHR,loop1_PBD_CHR_LPB,loop1_PBD_CHR_LPB_loop2,,,,,
RMKQIEDKIEEIESKIKKIENEIARIKKLLQLTVWGIKQLQARIL,nhr_domain,nhr_domain,nhr_domain,nhr_domain,nhr_domain,,,,,
VQQQNNLLRAIEAQQHLLQLTVWGIKQL,nhr_domain,nhr_domain,nhr_domain,nhr_domain,nhr_domain,,,,,
YTSLIHSLIQQSQNQQQKNQQQLLQLDKWASLWNWF,chr_domain,CHR_LPB,CHR_LPB_loop2,PBD_CHR_LPB_loop2,loop1_PBD_CHR_LPB_loop2,,,,,
ESQNQQEKNEQELLELDKWASLWNWFNITNWLWLIK,chr_domain,CHR_LPB,CHR_LPB_loop2,PBD_CHR_LPB_loop2,loop1_PBD_CHR_LPB_loop2,,,,,
MTWEEWDKKIEEYTKKIEELIK,chr_domain,PBD_CHR,loop1_PBD_CHR,PBD_CHR_LPB_loop2,loop1_PBD_CHR_LPB_loop2,,,,,
KIEEIESKIKKIENEIARIKKLLQLTVWGIKQLQARIL,nhr_domain,nhr_domain,nhr_domain,nhr_domain,nhr_domain,,,,,
TTWEAWDRAIAEYAARIEALIRAAQELQEKNEAALREL,chr_domain,PBD_CHR,loop1_PBD_CHR,loop1_PBD_CHR_LPB,cp_domain,,,,,
YTSLIHSLIQESQNQQEKNEQELLELDKWASLWNWF,chr_domain,CHR_LPB,CHR_LPB_loop2,PBD_CHR_LPB_loop2,loop1_PBD_CHR_LPB_loop2,,,,,
KKISEEQKKIQEEIKKILEESKKILEEIKKDWEEW,chr_domain,CHR_LPB,loop1_PBD_CHR,loop1_PBD_CHR_LPB,loop1_PBD_CHR_LPB_loop2,,,,,
YTSLIHSLIEEGQNQQEKNEQELLELDKWASLWNWF,chr_domain,CHR_LPB,CHR_LPB_loop2,PBD_CHR_LPB_loop2,loop1_PBD_CHR_LPB_loop2,,,,,
YTSLIHSLIEENQNQQEKNEQELLELDKWASLWNWF,chr_domain,CHR_LPB,CHR_LPB_loop2,PBD_CHR_LPB_loop2,loop1_PBD_CHR_LPB_loop2,,,,,
WEEMDREINNYTKLIHELIEESQNQQEKNEQELL,chr_domain,PBD_CHR,loop1_PBD_CHR,PBD_CHR_LPB_loop2,loop1_PBD_CHR_LPB_loop2,,,,,
QHLLQLTVWGIKQLQARILAVERYLKDQ,nhr_domain,nhr_domain,nhr_domain,nhr_domain,nhr_domain,,,,,
WMEWDREINNYTSLIHSLIEETQNQQEKNEQELL,chr_domain,PBD_CHR,loop1_PBD_CHR,PBD_CHR_LPB_loop2,loop1_PBD_CHR_LPB_loop2,,,,,
WTEWDREINNYTSQIHSLIEESQNQQEKLEQELNEL,chr_domain,PBD_CHR,loop1_PBD_CHR,PBD_CHR_LPB_loop2,loop1_PBD_CHR_LPB_loop2,,,,,
NQQEKNEQELLELDKWASLWNWFNITNWLWLIKIFI,chr_domain,CHR_LPB,CHR_LPB_loop2,PBD_CHR_LPB_loop2,loop1_PBD_CHR_LPB_loop2,,,,,
SLIHSLIEESQNQQEKNEQELLELDKWASLWNWFNI,chr_domain,CHR_LPB,CHR_LPB_loop2,PBD_CHR_LPB_loop2,loop1_PBD_CHR_LPB_loop2,,,,,
YTSLIHSLIEERQNQQEKNEQELLELDKWASLWNWF,chr_domain,CHR_LPB,CHR_LPB_loop2,PBD_CHR_LPB_loop2,loop1_PBD_CHR_LPB_loop2,,,,,
TRQARRNRRRWRERQRAAAAC,cp_domain,cp_domain,cp_domain,cp_domain,cp_domain,,,,,
EESQNQQEKNEQELLELDKWASLWNWFNITNWLWLI,chr_domain,CHR_LPB,CHR_LPB_loop2,PBD_CHR_LPB_loop2,loop1_PBD_CHR_LPB_loop2,,,,,
EWDREINNYTSLIHSLIEESQNQQEKNEQELLELDKWASLW,chr_domain,PBD_CHR,loop1_PBD_CHR,PBD_CHR_LPB_loop2,loop1_PBD_CHR_LPB_loop2,,,,,
YTSLIHSLIEELQNQQEKNEQELLELDKWASLWNWF,chr_domain,CHR_LPB,CHR_LPB_loop2,PBD_CHR_LPB_loop2,loop1_PBD_CHR_LPB_loop2,,,,,
YTSLIHSLIEESQNQQEKNEQQLLELDKWASLWNWF,chr_domain,CHR_LPB,CHR_LPB_loop2,PBD_CHR_LPB_loop2,loop1_PBD_CHR_LPB_loop2,,,,,
SGIDQEQNNLTRLIEAQIHELQLTQWKIKQLLARILK,nhr_domain,nhr_domain,nhr_domain,nhr_domain,nhr_domain,,,,,
YTSLIHSLIEEVQNQQEKNEQELLELDKWASLWNWF,chr_domain,CHR_LPB,CHR_LPB_loop2,PBD_CHR_LPB_loop2,loop1_PBD_CHR_LPB_loop2,,,,,
YTSLIHSLIEESQNQQEKLEQELLELDKWASLWNWF,chr_domain,CHR_LPB,CHR_LPB_loop2,PBD_CHR_LPB_loop2,loop1_PBD_CHR_LPB_loop2,,,,,
WMEWDREINNYTSLIHSLIEELQNQQEKNEQELL,chr_domain,PBD_CHR,loop1_PBD_CHR,PBD_CHR_LPB_loop2,loop1_PBD_CHR_LPB_loop2,,,,,
RQLLSGIVQQQNNLLRAIEAQQHLLQK,nhr_domain,nhr_domain,nhr_domain,nhr_domain,nhr_domain,,,,,
ELTWEEWEKKIEEYTKKIEEILK,chr_domain,PBD_CHR,loop1_PBD_CHR,loop1_PBD_CHR_LPB,loop1_PBD_CHR_LPB_loop2,,,,,
VWGIKQLQARILAVERYLKDQQLLGIWG,loop1,loop1_PBD,loop1_PBD_CHR,loop1_PBD_CHR_LPB,loop1_PBD_CHR_LPB_loop2,,,,,
WQEWEKQVRYLEANISKSLEQAQIQQEKNMYELQ,chr_domain,PBD_CHR,loop1_PBD_CHR,loop1_PBD_CHR_LPB,loop1_PBD_CHR_LPB_loop2,,,,,
MTWEEWDKKIEEYTKKIEELIKKSQNQQIDL ,chr_domain,PBD_CHR,loop1_PBD_CHR,PBD_CHR_LPB_loop2,loop1_PBD_CHR_LPB_loop2,,,,,
TTWEAWDRAIAEYAARIEALIRAAQELQEKLEAALREL,cp_domain,cp_domain,cp_domain,cp_domain,cp_domain,,,,,
YTSLIHSLIEEYQNQQEKNEQELLELDKWASLWNWF,chr_domain,CHR_LPB,CHR_LPB_loop2,PBD_CHR_LPB_loop2,loop1_PBD_CHR_LPB_loop2,,,,,
WDREINNYTSLIHSLIEESQNQQEKNEQELLELDKW,chr_domain,PBD_CHR,loop1_PBD_CHR,PBD_CHR_LPB_loop2,loop1_PBD_CHR_LPB_loop2,,,,,
LEAIPCSIPPCVAFNKPFVF,loop1,loop1_PBD,CHR_LPB_loop2,loop1_PBD_CHR_LPB,loop1_PBD_CHR_LPB_loop2,,,,,
NNYTSLIHSLIEESQNQQEKNEQELLELDKWASLWN,chr_domain,CHR_LPB,CHR_LPB_loop2,PBD_CHR_LPB_loop2,loop1_PBD_CHR_LPB_loop2,,,,,
MTWQEWEQQVRYLEANISQRL,nhr_domain,nhr_domain,nhr_domain,PBD_CHR_LPB_loop2,nhr_domain,,,,,
YTSLIHSLIEESQNQQEKNEQELLEFDKWASLWNWF,chr_domain,CHR_LPB,CHR_LPB_loop2,PBD_CHR_LPB_loop2,loop1_PBD_CHR_LPB_loop2,,,,,
MTWEEWDKKIEEYTKKIEELIKKSEEQQKKN,chr_domain,PBD_CHR,loop1_PBD_CHR,PBD_CHR_LPB_loop2,loop1_PBD_CHR_LPB_loop2,,,,,
YTSLIHSLIEESQQQQEKNEQELLELDKWASLWNWF,chr_domain,CHR_LPB,CHR_LPB_loop2,PBD_CHR_LPB_loop2,loop1_PBD_CHR_LPB_loop2,,,,,
YTSLIHSLIEEHQNQQEKNEQELLELDKWASLWNWF,chr_domain,CHR_LPB,CHR_LPB_loop2,PBD_CHR_LPB_loop2,loop1_PBD_CHR_LPB_loop2,,,,,
LIEESQNQQEKNEQELLELDKWASLWNWFNITNWLW,chr_domain,CHR_LPB,CHR_LPB_loop2,PBD_CHR_LPB_loop2,loop1_PBD_CHR_LPB_loop2,,,,,
TMWMEWDREINNYTSLIHSLIEESQNQQEKNEQELL,chr_domain,PBD_CHR,loop1_PBD_CHR,PBD_CHR_LPB_loop2,loop1_PBD_CHR_LPB_loop2,,,,,
WMEWDREINNYTSLIHSLIEESQNQQEKNEQELLE,chr_domain,PBD_CHR,loop1_PBD_CHR,PBD_CHR_LPB_loop2,loop1_PBD_CHR_LPB_loop2,,,,,
LEAIPCSIPPCVFFNKPFVF,loop1,loop1_PBD,tm_domain,loop1_PBD_CHR_LPB,tm_domain,,,,,
WLEWDRKIEEYTKKIEELIKKSQEQQEKNEKELK ,chr_domain,PBD_CHR,loop1_PBD_CHR,PBD_CHR_LPB_loop2,loop1_PBD_CHR_LPB_loop2,,,,,
YTSLIHSLIEESQNQQEKNEQELLELDKWASLFNFF,chr_domain,CHR_LPB,CHR_LPB_loop2,PBD_CHR_LPB_loop2,loop1_PBD_CHR_LPB_loop2,,,,,
INNYTSLIHSLIEESQNQQEKNEQELLELDKWASL,chr_domain,CHR_LPB,CHR_LPB_loop2,PBD_CHR_LPB_loop2,loop1_PBD_CHR_LPB_loop2,,,,,
LEAIPCSIPPCFLFGKPFVF,tm_domain,tm_domain,tm_domain,tm_domain,tm_domain,,,,,
RQLLSQIVQQQNNLLRAIEAQQHLLQLT,nhr_domain,nhr_domain,nhr_domain,nhr_domain,nhr_domain,,,,,
KKISEEQKKIQEEIKKILEESKKILEEIKKDWEEWTM,chr_domain,CHR_LPB,loop1_PBD_CHR,loop1_PBD_CHR_LPB,loop1_PBD_CHR_LPB_loop2,,,,,
TTWEAWDRAIAEYAARIEALIRALQEQQEKNEAALREL,chr_domain,PBD_CHR,loop1_PBD_CHR,loop1_PBD_CHR_LPB,loop1_PBD_CHR_LPB_loop2,,,,,
ELTWEEWEKKVEELEKKIEELLK,chr_domain,PBD_CHR,loop1_PBD_CHR,loop1_PBD_CHR_LPB,loop1_PBD_CHR_LPB_loop2,,,,,
MTWQEWEQQVRYLEANISQRLEQAQIQQEKNMYELQ,chr_domain,PBD_CHR,loop1_PBD_CHR,PBD_CHR_LPB_loop2,loop1_PBD_CHR_LPB_loop2,,,,,
MTWMEWDREINNYTSLIHSLIEESQNQQEKNEQELL,chr_domain,PBD_CHR,loop1_PBD_CHR,PBD_CHR_LPB_loop2,loop1_PBD_CHR_LPB_loop2,,,,,
MTLTVQARQLLSQIVQQQNNLLRAIEAQ,nhr_domain,nhr_domain,nhr_domain,nhr_domain,nhr_domain,,,,,
WTEWDREINNYTSQIHSLIEESQNQQEKNEQILNEL,chr_domain,PBD_CHR,loop1_PBD_CHR,PBD_CHR_LPB_loop2,loop1_PBD_CHR_LPB_loop2,,,,,
WEEWDKKIEEYTKKIEELIKKS,chr_domain,PBD_CHR,loop1_PBD_CHR,PBD_CHR_LPB_loop2,loop1_PBD_CHR_LPB_loop2,,,,,
YTSLIHSLIEEMQNQQEKNEQELLELDKWASLWNWF,chr_domain,CHR_LPB,CHR_LPB_loop2,PBD_CHR_LPB_loop2,loop1_PBD_CHR_LPB_loop2,,,,,
LEAIPCSIPPCVFFGKPFVF,tm_domain,tm_domain,tm_domain,tm_domain,tm_domain,,,,,
YTSLIHSLIEESQNQQEKNEQELLELDKWASPWNWF,chr_domain,CHR_LPB,CHR_LPB_loop2,PBD_CHR_LPB_loop2,loop1_PBD_CHR_LPB_loop2,,,,,
IKKEIEAIKKEQEAIKKKIEAIEKLLQLTVWGIKQLQARIL,nhr_domain,nhr_domain,nhr_domain,nhr_domain,nhr_domain,,,,,
YTSLIHSLIEEQQNQQEKNEQELLELDKWASLWNWF,chr_domain,CHR_LPB,CHR_LPB_loop2,PBD_CHR_LPB_loop2,loop1_PBD_CHR_LPB_loop2,,,,,
YTSLIHSLIEESQNQQEKNEQELLELNKWASLWNWF,chr_domain,CHR_LPB,CHR_LPB_loop2,PBD_CHR_LPB_loop2,loop1_PBD_CHR_LPB_loop2,,,,,
NYTSLIHSLIEESQNQQEKNEQELLELDKWASLWNW,chr_domain,CHR_LPB,CHR_LPB_loop2,PBD_CHR_LPB_loop2,loop1_PBD_CHR_LPB_loop2,,,,,
WEEWDKKIEEYTKKIEELIKKS ,chr_domain,PBD_CHR,loop1_PBD_CHR,PBD_CHR_LPB_loop2,loop1_PBD_CHR_LPB_loop2,,,,,
MTWMAWDRAIANYAALIHALIEAAQNQQEKNEAALLEL,chr_domain,PBD_CHR,loop1_PBD_CHR,PBD_CHR_LPB_loop2,loop1_PBD_CHR_LPB_loop2,,,,,
EELAKKAEELAKKAEELAKKAEELAKKAWASLWNWFLEAIPMSIPPEVKFNKPFVF,chr_domain,CHR_LPB,CHR_LPB_loop2,PBD_CHR_LPB_loop2,loop1_PBD_CHR_LPB_loop2,,,,,
IWNNMTWMEWDREINNYTSLIHSLIEESQNQQEKNE,chr_domain,PBD_CHR,loop1_PBD_CHR,loop1_PBD_CHR_LPB,loop1_PBD_CHR_LPB_loop2,,,,,
WNNMTWMEWDREINNYTSLIHSLIEESQNQQEKNEQ,chr_domain,PBD_CHR,loop1_PBD_CHR,loop1_PBD_CHR_LPB,loop1_PBD_CHR_LPB_loop2,,,,,
FWNWLSAWIKKTYEEIKKTYEEIKKTYEEIERDWEMV,chr_domain,PBD_CHR,loop1_PBD_CHR,loop1_PBD_CHR_LPB,loop1_PBD_CHR_LPB_loop2,,,,,
WMEWDREINNYTSLIHSLIEESQNQQEKIEQELLEL,chr_domain,PBD_CHR,loop1_PBD_CHR,PBD_CHR_LPB_loop2,loop1_PBD_CHR_LPB_loop2,,,,,
LEQIWNNMTWMEWDREINNYTSLIHSLIEESQNQQE,chr_domain,PBD_CHR,loop1_PBD_CHR,loop1_PBD_CHR_LPB,loop1_PBD_CHR_LPB_loop2,,,,,
IEAQQHLLQLTVWGIKQLQARILAVERYGYIPEAPRDGQAYVRKDGEWVLLSTFL,nhr_domain,nhr_domain,nhr_domain,nhr_domain,nhr_domain,,,,,
TTWEAWDRAIAEYAARIEALIRASQEQQEKNEAELREL,chr_domain,PBD_CHR,loop1_PBD_CHR,loop1_PBD_CHR_LPB,loop1_PBD_CHR_LPB_loop2,,,,,
QIWNNMTWMEWDREINNYTSLIHSLIEESQNQQEKN,chr_domain,PBD_CHR,loop1_PBD_CHR,loop1_PBD_CHR_LPB,loop1_PBD_CHR_LPB_loop2,,,,,
SLEQIWNNMTWMEWDREINNYTSLIHSLIEESQNQQ,chr_domain,PBD_CHR,loop1_PBD_CHR,loop1_PBD_CHR_LPB,loop1_PBD_CHR_LPB_loop2,,,,,
MTWEAWDRAIAEYAARIEALIRAAQEQQEKNEAALREL,chr_domain,PBD_CHR,loop1_PBD_CHR,PBD_CHR_LPB_loop2,loop1_PBD_CHR_LPB_loop2,,,,,
EMTWEEWEKKIEEYTKKIEEILKKSQNQQIDL,chr_domain,PBD_CHR,loop1_PBD_CHR,loop1_PBD_CHR_LPB,loop1_PBD_CHR_LPB_loop2,,,,,
LLQLTVWGIKQLQARILAIKKEIEAIKKEQEAIKKKIEAI,nhr_domain,nhr_domain,nhr_domain,nhr_domain,nhr_domain,,,,,
YTSLIHSLIEEDQNQQEKNEQELLELDKWASLWNWF,chr_domain,CHR_LPB,CHR_LPB_loop2,PBD_CHR_LPB_loop2,loop1_PBD_CHR_LPB_loop2,,,,,
TTWEAWDRAIAEYAARIEALIRAAQEQQEKLEAVLREL,chr_domain,PBD_CHR,loop1_PBD_CHR,PBD_CHR_LPB_loop2,loop1_PBD_CHR_LPB_loop2,,,,,
IRKAHCNISRAKWND,loop1,loop1_PBD,loop1_PBD_CHR,loop1_PBD_CHR_LPB,loop1_PBD_CHR_LPB_loop2,,,,,
SQNQQEKNEQELLELDKWASLWNWFNITNWLWLIKI,chr_domain,CHR_LPB,CHR_LPB_loop2,PBD_CHR_LPB_loop2,loop1_PBD_CHR_LPB_loop2,,,,,
NKSLEQIWNNMTWMEWDREINNYTSLIHSLIEESQN,chr_domain,PBD_CHR,loop1_PBD_CHR,loop1_PBD_CHR_LPB,loop1_PBD_CHR_LPB_loop2,,,,,
WMEWDREINNYTSLIHSLIEESQNIQEKNEQELLEL,chr_domain,PBD_CHR,loop1_PBD_CHR,PBD_CHR_LPB_loop2,loop1_PBD_CHR_LPB_loop2,,,,,
WQQWERQVRFLDANITKLLEEAQIQQEKNMYELQ,chr_domain,PBD_CHR,loop1_PBD_CHR,loop1_PBD_CHR_LPB,loop1_PBD_CHR_LPB_loop2,,,,,
MTWEEWDKKIEEYTKKIEELIKKS,chr_domain,PBD_CHR,loop1_PBD_CHR,PBD_CHR_LPB_loop2,loop1_PBD_CHR_LPB_loop2,,,,,
MTWQQWERQVRFLDANITKLLEEAQIQQEKNMYELQ,chr_domain,PBD_CHR,loop1_PBD_CHR,loop1_PBD_CHR_LPB,loop1_PBD_CHR_LPB_loop2,,,,,
TTWEAWDRAIAEYAARIEALIRALQELQEKNEAALREL,cp_domain,cp_domain,cp_domain,cp_domain,cp_domain,,,,,
MTWEEWDKKIEEYTKKIEELI,chr_domain,PBD_CHR,loop1_PBD_CHR,PBD_CHR_LPB_loop2,loop1_PBD_CHR_LPB_loop2,,,,,
EQIWNNMTWMEWDREINNYTSLIHSLIEESQNQQEK,chr_domain,PBD_CHR,loop1_PBD_CHR,loop1_PBD_CHR_LPB,loop1_PBD_CHR_LPB_loop2,,,,,
EWDREINNYTSLIHSLIEESQNQQEKNEQELLELDK,chr_domain,PBD_CHR,loop1_PBD_CHR,PBD_CHR_LPB_loop2,loop1_PBD_CHR_LPB_loop2,,,,,
YTSLIHSLIEQSQNQQEKNEQELLELDKWASLWNWF,chr_domain,CHR_LPB,CHR_LPB_loop2,PBD_CHR_LPB_loop2,loop1_PBD_CHR_LPB_loop2,,,,,
YTSLIHSLIEETQNQQEKNEQELLELDKWASLWNWF,chr_domain,CHR_LPB,CHR_LPB_loop2,PBD_CHR_LPB_loop2,loop1_PBD_CHR_LPB_loop2,,,,,
YTSLIHSLIEESQNQQEKNEQELLELDKWASLANWF,chr_domain,CHR_LPB,CHR_LPB_loop2,PBD_CHR_LPB_loop2,loop1_PBD_CHR_LPB_loop2,,,,,
WQQWERQVRFLDANITKLLEEAQIQQEKNMYELQELDKWASLWNWF,chr_domain,CHR_LPB,CHR_LPB_loop2,loop1_PBD_CHR_LPB,loop1_PBD_CHR_LPB_loop2,,,,,
MTWQQWERQVRFLDANITKLL,nhr_domain,nhr_domain,nhr_domain,nhr_domain,nhr_domain,,,,,
YTSLIHSLIEEWQNQQEKNEQELLELDKWASLWNWF,chr_domain,CHR_LPB,CHR_LPB_loop2,PBD_CHR_LPB_loop2,loop1_PBD_CHR_LPB_loop2,,,,,
TTWEAWDRAIAEYAARIEALIRALQEQQEKNEAILREL,chr_domain,PBD_CHR,loop1_PBD_CHR,loop1_PBD_CHR_LPB,cp_domain,,,,,
LEAIPCSIPPCVGFGKPFVF,tm_domain,tm_domain,tm_domain,tm_domain,tm_domain,,,,,
WEEWDKKIEEYTKKIEELIKKSQNQQLDL,chr_domain,PBD_CHR,loop1_PBD_CHR,PBD_CHR_LPB_loop2,loop1_PBD_CHR_LPB_loop2,,,,,
TTWEEWDREINEYTSRIESLIRESQEQQEKNEQELREL,chr_domain,PBD_CHR,loop1_PBD_CHR,loop1_PBD_CHR_LPB,loop1_PBD_CHR_LPB_loop2,,,,,
WEEWDKKIEEYTKKIEELIKKSEEQQKKNEEELKK ,chr_domain,PBD_CHR,loop1_PBD_CHR,PBD_CHR_LPB_loop2,loop1_PBD_CHR_LPB_loop2,,,,,
SGIVQQLNNQLRAEEANQHLEQLSVWGSKQNQARRLK,nhr_domain,nhr_domain,nhr_domain,nhr_domain,nhr_domain,,,,,
WQQWERQVRFLDANITKLLEEAQIQQEKNMYELQELDKNASLWNWF,chr_domain,CHR_LPB,CHR_LPB_loop2,loop1_PBD_CHR_LPB,loop1_PBD_CHR_LPB_loop2,,,,,
AAWMEWDREINNYTSLIHSLIEESQNQQEKNEQELL,chr_domain,PBD_CHR,loop1_PBD_CHR,loop1_PBD_CHR_LPB,loop1_PBD_CHR_LPB_loop2,,,,,
LIHSLIEESQNQQEKNEQELLELDKWASLWNWFNIT,chr_domain,CHR_LPB,CHR_LPB_loop2,PBD_CHR_LPB_loop2,loop1_PBD_CHR_LPB_loop2,,,,,
MTWEEWDKKIEEYTKKIEELIKK,chr_domain,PBD_CHR,loop1_PBD_CHR,PBD_CHR_LPB_loop2,loop1_PBD_CHR_LPB_loop2,,,,,
WEEWDKKIEEYTKKIEELIKKSEEQQKKN,chr_domain,PBD_CHR,loop1_PBD_CHR,PBD_CHR_LPB_loop2,loop1_PBD_CHR_LPB_loop2,,,,,
IRKAHCNISRADWND,chr_domain,loop1_PBD,CHR_LPB_loop2,loop1_PBD_CHR_LPB,loop1_PBD_CHR_LPB_loop2,,,,,
WMEWDREINNYTSLIHSLIEEAQNQQEKNEQELL,chr_domain,PBD_CHR,loop1_PBD_CHR,PBD_CHR_LPB_loop2,loop1_PBD_CHR_LPB_loop2,,,,,
LEAIPCSIPPCFAFNKPFVF,loop1,loop1_PBD,CHR_LPB_loop2,loop1_PBD_CHR_LPB,tm_domain,,,,,
WTEWDREINNYTSQIHSLIEESQNQQEKNEQELNEL,chr_domain,PBD_CHR,loop1_PBD_CHR,PBD_CHR_LPB_loop2,loop1_PBD_CHR_LPB_loop2,,,,,
YTSLIHSLIEESQNQQEKNEQELLELDKWASLWNSF,chr_domain,CHR_LPB,CHR_LPB_loop2,PBD_CHR_LPB_loop2,loop1_PBD_CHR_LPB_loop2,,,,,
SLIEESQNQQEKNEQELLELDKWASLWNWFNITNWL,chr_domain,CHR_LPB,CHR_LPB_loop2,PBD_CHR_LPB_loop2,loop1_PBD_CHR_LPB_loop2,,,,,
EMTWQEWEQKVEELEKKIEELLK,chr_domain,PBD_CHR,loop1_PBD_CHR,loop1_PBD_CHR_LPB,loop1_PBD_CHR_LPB_loop2,,,,,
EMTWEEWEKKIEEYIKKIEEILKKSQNQQIDL,chr_domain,PBD_CHR,loop1_PBD_CHR,loop1_PBD_CHR_LPB,loop1_PBD_CHR_LPB_loop2,,,,,
TTWEAWDRAIAEYAARIEALIRALQELQEKNEAILREL,cp_domain,cp_domain,cp_domain,cp_domain,cp_domain,,,,,
YTSLIHSLIEESQNQQEKNEQELLELDKWASLWNWF,chr_domain,CHR_LPB,CHR_LPB_loop2,PBD_CHR_LPB_loop2,loop1_PBD_CHR_LPB_loop2,,,,,
EMTWEEWEKKIEEYTKKIEEILK,chr_domain,PBD_CHR,loop1_PBD_CHR,PBD_CHR_LPB_loop2,loop1_PBD_CHR_LPB_loop2,,,,,
YTSLIQSLIEESQNQQEKNEQQLLELDKWASLWNWF,chr_domain,CHR_LPB,CHR_LPB_loop2,PBD_CHR_LPB_loop2,loop1_PBD_CHR_LPB_loop2,,,,,
WEEWDKKIEEYTKKIEELIKKSQNQQIDI,chr_domain,PBD_CHR,loop1_PBD_CHR,PBD_CHR_LPB_loop2,loop1_PBD_CHR_LPB_loop2,,,,,
MTWEEWDKKIEEYTKKIEELIKKSQNQQ,chr_domain,PBD_CHR,loop1_PBD_CHR,PBD_CHR_LPB_loop2,loop1_PBD_CHR_LPB_loop2,,,,,
MTWMEWDREINNYTSLIHSLIEESQNQQEKNEQELLEL,chr_domain,PBD_CHR,loop1_PBD_CHR,PBD_CHR_LPB_loop2,loop1_PBD_CHR_LPB_loop2,,,,,
WEEWDKKIEEYTKKIEELIKKSQNQQ,chr_domain,PBD_CHR,loop1_PBD_CHR,PBD_CHR_LPB_loop2,loop1_PBD_CHR_LPB_loop2,,,,,
YTSLIHSLIEEAQNQQEKNEQELLELDKWASLWNWF,chr_domain,CHR_LPB,CHR_LPB_loop2,PBD_CHR_LPB_loop2,loop1_PBD_CHR_LPB_loop2,,,,,
NNMTWMEWDREINNYTSLIHSLIEESQNQQEKNEQE,chr_domain,PBD_CHR,loop1_PBD_CHR,loop1_PBD_CHR_LPB,loop1_PBD_CHR_LPB_loop2,,,,,
MTWQEWEKQVRYLEANISKSL,chr_domain,CHR_LPB,CHR_LPB_loop2,PBD_CHR_LPB_loop2,loop1_PBD_CHR_LPB_loop2,,,,,
INNYTSLIHSLIEESQNQQEKNEQELLELDKWASLW,chr_domain,CHR_LPB,CHR_LPB_loop2,PBD_CHR_LPB_loop2,loop1_PBD_CHR_LPB_loop2,,,,,
WEEWDKKIEEYTKKIEELIKKSQNQQLDI,chr_domain,PBD_CHR,loop1_PBD_CHR,PBD_CHR_LPB_loop2,loop1_PBD_CHR_LPB_loop2,,,,,
WMEWDREINNYTSLIHSLIEESQNQQEKNEQELL,chr_domain,PBD_CHR,loop1_PBD_CHR,PBD_CHR_LPB_loop2,loop1_PBD_CHR_LPB_loop2,,,,,
MTWETWEREIENYTRQIYRILEESQEQQDRNERDLLE ,chr_domain,PBD_CHR,loop1_PBD_CHR,loop1_PBD_CHR_LPB,loop1_PBD_CHR_LPB_loop2,,,,,
AVGIGAMFLGFLGAAGSTMGAAS,fp_domain,fp_domain,fp_domain,fp_domain,fp_domain,,,,,
WMEWDREINNYTSLIHSLIEEPQNQQEKNEQELL,chr_domain,PBD_CHR,loop1_PBD_CHR,PBD_CHR_LPB_loop2,loop1_PBD_CHR_LPB_loop2,,,,,
WEEWDRKIEEYTKKIKKLIEESQEQQEKNEKELK,chr_domain,PBD_CHR,loop1_PBD_CHR,PBD_CHR_LPB_loop2,loop1_PBD_CHR_LPB_loop2,,,,,
LVQPRGPRSGPGPWQGGRRKFRRQRPRLSHKGPMPF,cp_domain,cp_domain,cp_domain,cp_domain,cp_domain,,,,,
YTSLIHSLIEESQNQQEKNEQELLELDKWASLWNAF,chr_domain,CHR_LPB,CHR_LPB_loop2,PBD_CHR_LPB_loop2,loop1_PBD_CHR_LPB_loop2,,,,,
YTSLIHSLIEEIQNQQEKNEQELLELDKWASLWNWF,chr_domain,CHR_LPB,CHR_LPB_loop2,PBD_CHR_LPB_loop2,loop1_PBD_CHR_LPB_loop2,,,,,
QNQQEKNEQELLELDKWASLWNWFNITNWLWLIKIF,chr_domain,CHR_LPB,CHR_LPB_loop2,PBD_CHR_LPB_loop2,loop1_PBD_CHR_LPB_loop2,,,,,
TSLIHSLIEESQNQQEKNEQELLELDKWASLWNWFN,chr_domain,CHR_LPB,CHR_LPB_loop2,PBD_CHR_LPB_loop2,loop1_PBD_CHR_LPB_loop2,,,,,
QARQLLSQIVQQQNNLLRAIEAQQHLLQ,nhr_domain,nhr_domain,nhr_domain,nhr_domain,nhr_domain,,,,,
MTWQEWEKQVRYLEANISKSLEQAQIQQEKNMYELQ,chr_domain,PBD_CHR,loop1_PBD_CHR,loop1_PBD_CHR_LPB,loop1_PBD_CHR_LPB_loop2,,,,,
WMEWDRKIEEYTKKIKKLIEESQEQQEKNEKELK,chr_domain,PBD_CHR,loop1_PBD_CHR,PBD_CHR_LPB_loop2,loop1_PBD_CHR_LPB_loop2,,,,,
WTEWDREINNYTSQIHSLIEELQNQQEKNEQELNEL,chr_domain,PBD_CHR,loop1_PBD_CHR,PBD_CHR_LPB_loop2,loop1_PBD_CHR_LPB_loop2,,,,,
WMEWDREINNYTSLIGSLIEESQNQQEKNEQELLE,chr_domain,PBD_CHR,loop1_PBD_CHR,PBD_CHR_LPB_loop2,loop1_PBD_CHR_LPB_loop2,,,,,
WTEWDREINNYTSQIHSLIEESQNIQEKNEQELNEL,chr_domain,PBD_CHR,loop1_PBD_CHR,PBD_CHR_LPB_loop2,loop1_PBD_CHR_LPB_loop2,,,,,
YTSLIHSLIEEPQNQQEKNEQELLELDKWASLWNWF,chr_domain,CHR_LPB,CHR_LPB_loop2,PBD_CHR_LPB_loop2,loop1_PBD_CHR_LPB_loop2,,,,,
SWETWEREIENYTRQIYRILEESQEQQDRNERDLLE,chr_domain,PBD_CHR,loop1_PBD_CHR,loop1_PBD_CHR_LPB,loop1_PBD_CHR_LPB_loop2,,,,,
KSLEQIWNNMTWMEWDREINNYTSLIHSLIEESQNQ,chr_domain,PBD_CHR,loop1_PBD_CHR,loop1_PBD_CHR_LPB,loop1_PBD_CHR_LPB_loop2,,,,,
TWMEWDREINNYTSLIHSLIEESQNQQEKNEQELLE,chr_domain,PBD_CHR,loop1_PBD_CHR,PBD_CHR_LPB_loop2,loop1_PBD_CHR_LPB_loop2,,,,,
WMEWDREINNYTSLIHSLIEESQNQQEKNEQILLEL,chr_domain,PBD_CHR,loop1_PBD_CHR,PBD_CHR_LPB_loop2,loop1_PBD_CHR_LPB_loop2,,,,,
WQEWEQQVRYLEANISQRLEQAQIQQEKNMYELQ,chr_domain,PBD_CHR,loop1_PBD_CHR,PBD_CHR_LPB_loop2,loop1_PBD_CHR_LPB_loop2,,,,,
MEWDREINNYTSLIHSLIEESQNQQEKNEQELLELD,chr_domain,PBD_CHR,loop1_PBD_CHR,PBD_CHR_LPB_loop2,loop1_PBD_CHR_LPB_loop2,,,,,
WEEWDKKIEEYTKKIEELIKKSQNQQIDL,chr_domain,PBD_CHR,loop1_PBD_CHR,PBD_CHR_LPB_loop2,loop1_PBD_CHR_LPB_loop2,,,,,
VEWNEMTWMEWEREIENYTKLIYKILEESQEQ,chr_domain,PBD_CHR,loop1_PBD_CHR,loop1_PBD_CHR_LPB,loop1_PBD_CHR_LPB_loop2,,,,,
LEAIPCSIPPCVLFNKPFVF,loop1,loop1_PBD,CHR_LPB_loop2,loop1_PBD_CHR_LPB,tm_domain,,,,,
