id_sequence,P_1,P_2,P_3,P_4,P_5,P_6,P_7,P_8,P_9,P_10,P_11,P_12,P_13,P_14,P_15,P_16,P_17,P_18,P_19,P_20,P_21,P_22,P_23,P_24,P_25,P_26,P_27,P_28,P_29,P_30,P_31,P_32,P_33,P_34,P_35,P_36,P_37,P_38,P_39,P_40,P_41,P_42,P_43,P_44,P_45,P_46,P_47,P_48,P_49,P_50,P_51,P_52,P_53,P_54,P_55,P_56
seq_1:2P23:0.69:Class_I,-,-,-,-,-,-,-,-,-,E,M,T,W,E,E,-,W,E,K,K,V,E,E,L,E,K,K,I,E,E,L,L,K,-,-,-,-,-,-,-,-,-,-,-,-,-,-,-,-,-,-,-,-,-,-,-
seq_11:267209:4.7117529067:Class_I,-,-,-,-,-,-,-,-,-,-,T,T,W,E,A,-,W,D,R,A,I,A,E,Y,A,A,R,I,E,A,L,I,R,A,A,Q,E,Q,Q,E,K,N,E,A,I,L,R,E,L,-,-,-,-,-,-,-
seq_18:T652:0.8926917557999999:Class_I,-,-,-,-,-,-,-,-,-,N,M,T,W,M,E,-,W,D,R,E,I,N,N,Y,T,S,L,I,H,S,L,I,E,E,S,Q,N,Q,Q,E,K,N,E,Q,E,L,-,-,-,-,-,-,-,-,-,-
seq_26:MT-SC20EK:3.0:Class_I,-,-,-,-,-,-,-,-,-,-,M,T,W,E,E,-,W,D,K,K,I,E,E,Y,T,K,K,I,E,E,L,I,K,-,-,-,-,-,-,-,-,-,-,-,-,-,-,-,-,-,-,-,-,-,-,-
seq_28:267226:4.7728574416:Class_I,-,-,-,-,-,-,-,-,-,-,T,T,W,E,A,-,W,D,R,A,I,A,E,Y,A,A,R,I,E,A,L,I,R,A,A,Q,E,L,Q,E,K,N,E,A,A,L,R,E,L,-,-,-,-,-,-,-
seq_33:FB006:1.4:Class_I,-,-,-,-,-,-,-,-,-,-,-,-,W,E,E,-,M,D,R,E,I,N,N,Y,T,K,L,I,H,E,L,I,E,E,S,Q,N,Q,Q,E,K,N,E,Q,E,L,L,-,-,-,-,-,-,-,-,-
seq_35:C34S138T:2.6:Class_I,-,-,-,-,-,-,-,-,-,-,-,-,W,M,E,-,W,D,R,E,I,N,N,Y,T,S,L,I,H,S,L,I,E,E,T,Q,N,Q,Q,E,K,N,E,Q,E,L,L,-,-,-,-,-,-,-,-,-
seq_42:WT:1.5:Class_I,-,-,-,-,-,-,-,-,-,-,-,-,-,-,E,-,W,D,R,E,I,N,N,Y,T,S,L,I,H,S,L,I,E,E,S,Q,N,Q,Q,E,K,N,E,Q,E,L,L,E,L,D,K,W,A,S,L,W
seq_48:C34S138L:1.5:Class_I,-,-,-,-,-,-,-,-,-,-,-,-,W,M,E,-,W,D,R,E,I,N,N,Y,T,S,L,I,H,S,L,I,E,E,L,Q,N,Q,Q,E,K,N,E,Q,E,L,L,-,-,-,-,-,-,-,-,-
seq_50:HP23L:0.39:Class_I,-,-,-,-,-,-,-,-,-,E,L,T,W,E,E,-,W,E,K,K,I,E,E,Y,T,K,K,I,E,E,I,L,K,-,-,-,-,-,-,-,-,-,-,-,-,-,-,-,-,-,-,-,-,-,-,-
seq_52:C34_ROD:5.51:Class_I,-,-,-,-,-,-,-,-,-,-,-,-,W,Q,E,-,W,E,K,Q,V,R,Y,L,E,A,N,I,S,K,S,L,E,Q,A,Q,I,Q,Q,E,K,N,M,Y,E,L,Q,-,-,-,-,-,-,-,-,-
seq_53:MT-WQ-IDL:0.6:Class_I,-,-,-,-,-,-,-,-,-,-,M,T,W,E,E,-,W,D,K,K,I,E,E,Y,T,K,K,I,E,E,L,I,K,K,S,Q,N,Q,Q,I,D,L,-,-,-,-,-,-,-,-,-,-,-,-,-,-
seq_61:MT-SC29:0.43:Class_I,-,-,-,-,-,-,-,-,-,-,M,T,W,E,E,-,W,D,K,K,I,E,E,Y,T,K,K,I,E,E,L,I,K,K,S,E,E,Q,Q,K,K,N,-,-,-,-,-,-,-,-,-,-,-,-,-,-
seq_65:TM-C34:1.4:Class_I,-,-,-,-,-,-,-,-,-,-,T,M,W,M,E,-,W,D,R,E,I,N,N,Y,T,S,L,I,H,S,L,I,E,E,S,Q,N,Q,Q,E,K,N,E,Q,E,L,L,-,-,-,-,-,-,-,-,-
seq_66:T624:0.4569652935:Class_I,-,-,-,-,-,-,-,-,-,-,-,-,W,M,E,-,W,D,R,E,I,N,N,Y,T,S,L,I,H,S,L,I,E,E,S,Q,N,Q,Q,E,K,N,E,Q,E,L,L,E,-,-,-,-,-,-,-,-
seq_68:SC34EK:1.6:Class_I,-,-,-,-,-,-,-,-,-,-,-,-,W,L,E,-,W,D,R,K,I,E,E,Y,T,K,K,I,E,E,L,I,K,K,S,Q,E,Q,Q,E,K,N,E,K,E,L,K,-,-,-,-,-,-,-,-,-
seq_73:AP3:3.06:Class_I,-,-,-,-,-,-,-,-,-,-,K,K,I,S,E,-,E,Q,K,K,I,Q,E,E,I,K,K,I,L,E,E,S,K,K,I,L,E,E,I,K,K,D,W,E,E,W,T,M,-,-,-,-,-,-,-,-
seq_74:267221:7.8529215112:Class_I,-,-,-,-,-,-,-,-,-,-,T,T,W,E,A,-,W,D,R,A,I,A,E,Y,A,A,R,I,E,A,L,I,R,A,L,Q,E,Q,Q,E,K,N,E,A,A,L,R,E,L,-,-,-,-,-,-,-
seq_75:2P23L:0.59:Class_I,-,-,-,-,-,-,-,-,-,E,L,T,W,E,E,-,W,E,K,K,V,E,E,L,E,K,K,I,E,E,L,L,K,-,-,-,-,-,-,-,-,-,-,-,-,-,-,-,-,-,-,-,-,-,-,-
seq_76:MT-P3:1.38:Class_I,-,-,-,-,-,-,-,-,-,-,M,T,W,Q,E,-,W,E,Q,Q,V,R,Y,L,E,A,N,I,S,Q,R,L,E,Q,A,Q,I,Q,Q,E,K,N,M,Y,E,L,Q,-,-,-,-,-,-,-,-,-
seq_77:MT-C34:0.5:Class_I,-,-,-,-,-,-,-,-,-,-,M,T,W,M,E,-,W,D,R,E,I,N,N,Y,T,S,L,I,H,S,L,I,E,E,S,Q,N,Q,Q,E,K,N,E,Q,E,L,L,-,-,-,-,-,-,-,-,-
seq_92:T654:0.2203191543:Class_I,-,-,-,-,-,-,-,W,N,N,M,T,W,M,E,-,W,D,R,E,I,N,N,Y,T,S,L,I,H,S,L,I,E,E,S,Q,N,Q,Q,E,K,N,E,Q,-,-,-,-,-,-,-,-,-,-,-,-
seq_94:C36M3A:8.62:Class_I,-,-,-,-,-,-,-,-,-,-,-,-,W,M,E,-,W,D,R,E,I,N,N,Y,T,S,L,I,H,S,L,I,E,E,S,Q,N,Q,Q,E,K,I,E,Q,E,L,L,E,L,-,-,-,-,-,-,-
seq_97:290676:2.8960388871:Class_I,-,-,-,-,-,-,-,-,-,-,T,T,W,E,A,-,W,D,R,A,I,A,E,Y,A,A,R,I,E,A,L,I,R,A,S,Q,E,Q,Q,E,K,N,E,A,E,L,R,E,L,-,-,-,-,-,-,-
seq_98:T656:1.1054805303:Class_I,-,-,-,-,-,Q,I,W,N,N,M,T,W,M,E,-,W,D,R,E,I,N,N,Y,T,S,L,I,H,S,L,I,E,E,S,Q,N,Q,Q,E,K,N,-,-,-,-,-,-,-,-,-,-,-,-,-,-
seq_100:2544:5.8493346382:Class_I,-,-,-,-,-,-,-,-,-,-,M,T,W,E,A,-,W,D,R,A,I,A,E,Y,A,A,R,I,E,A,L,I,R,A,A,Q,E,Q,Q,E,K,N,E,A,A,L,R,E,L,-,-,-,-,-,-,-
seq_101:HP23-E6-IDL:0.338:Class_I,-,-,-,-,-,-,-,-,-,E,M,T,W,E,E,-,W,E,K,K,I,E,E,Y,T,K,K,I,E,E,I,L,K,K,S,Q,N,Q,Q,I,D,L,-,-,-,-,-,-,-,-,-,-,-,-,-,-
seq_109:C34_EHO:1.88:Class_I,-,-,-,-,-,-,-,-,-,-,-,-,W,Q,Q,-,W,E,R,Q,V,R,F,L,D,A,N,I,T,K,L,L,E,E,A,Q,I,Q,Q,E,K,N,M,Y,E,L,Q,-,-,-,-,-,-,-,-,-
seq_110:MT-SC22:1.32:Class_I,-,-,-,-,-,-,-,-,-,-,M,T,W,E,E,-,W,D,K,K,I,E,E,Y,T,K,K,I,E,E,L,I,K,K,S,-,-,-,-,-,-,-,-,-,-,-,-,-,-,-,-,-,-,-,-,-
seq_111:MT-SC34_EHO:1.17:Class_I,-,-,-,-,-,-,-,-,-,-,M,T,W,Q,Q,-,W,E,R,Q,V,R,F,L,D,A,N,I,T,K,L,L,E,E,A,Q,I,Q,Q,E,K,N,M,Y,E,L,Q,-,-,-,-,-,-,-,-,-
seq_113:MT-SC19EK:4.8:Class_I,-,-,-,-,-,-,-,-,-,-,M,T,W,E,E,-,W,D,K,K,I,E,E,Y,T,K,K,I,E,E,L,I,-,-,-,-,-,-,-,-,-,-,-,-,-,-,-,-,-,-,-,-,-,-,-,-
seq_115:T647:9.9644224825:Class_I,-,-,-,-,-,-,-,-,-,-,-,-,-,-,E,-,W,D,R,E,I,N,N,Y,T,S,L,I,H,S,L,I,E,E,S,Q,N,Q,Q,E,K,N,E,Q,E,L,L,E,L,D,K,-,-,-,-,-
seq_122:267225:9.5576369965:Class_I,-,-,-,-,-,-,-,-,-,-,T,T,W,E,A,-,W,D,R,A,I,A,E,Y,A,A,R,I,E,A,L,I,R,A,L,Q,E,Q,Q,E,K,N,E,A,I,L,R,E,L,-,-,-,-,-,-,-
seq_124:WQ-LDL:3.7:Class_I,-,-,-,-,-,-,-,-,-,-,-,-,W,E,E,-,W,D,K,K,I,E,E,Y,T,K,K,I,E,E,L,I,K,K,S,Q,N,Q,Q,L,D,L,-,-,-,-,-,-,-,-,-,-,-,-,-,-
seq_125:2429:4.3522414043:Class_I,-,-,-,-,-,-,-,-,-,-,T,T,W,E,E,-,W,D,R,E,I,N,E,Y,T,S,R,I,E,S,L,I,R,E,S,Q,E,Q,Q,E,K,N,E,Q,E,L,R,E,L,-,-,-,-,-,-,-
seq_126:SC35EK:0.39:Class_I,-,-,-,-,-,-,-,-,-,-,-,-,W,E,E,-,W,D,K,K,I,E,E,Y,T,K,K,I,E,E,L,I,K,K,S,E,E,Q,Q,K,K,N,E,E,E,L,K,K,-,-,-,-,-,-,-,-
seq_129:AA-C34:1.3:Class_I,-,-,-,-,-,-,-,-,-,-,A,A,W,M,E,-,W,D,R,E,I,N,N,Y,T,S,L,I,H,S,L,I,E,E,S,Q,N,Q,Q,E,K,N,E,Q,E,L,L,-,-,-,-,-,-,-,-,-
seq_131:MT-SC21EK:2.7:Class_I,-,-,-,-,-,-,-,-,-,-,M,T,W,E,E,-,W,D,K,K,I,E,E,Y,T,K,K,I,E,E,L,I,K,K,-,-,-,-,-,-,-,-,-,-,-,-,-,-,-,-,-,-,-,-,-,-
seq_132:SC29EK:0.7:Class_I,-,-,-,-,-,-,-,-,-,-,-,-,W,E,E,-,W,D,K,K,I,E,E,Y,T,K,K,I,E,E,L,I,K,K,S,E,E,Q,Q,K,K,N,-,-,-,-,-,-,-,-,-,-,-,-,-,-
seq_134:C34S138A:2.0:Class_I,-,-,-,-,-,-,-,-,-,-,-,-,W,M,E,-,W,D,R,E,I,N,N,Y,T,S,L,I,H,S,L,I,E,E,A,Q,N,Q,Q,E,K,N,E,Q,E,L,L,-,-,-,-,-,-,-,-,-
seq_139:2P23Q:1.39:Class_I,-,-,-,-,-,-,-,-,-,E,M,T,W,Q,E,-,W,E,Q,K,V,E,E,L,E,K,K,I,E,E,L,L,K,-,-,-,-,-,-,-,-,-,-,-,-,-,-,-,-,-,-,-,-,-,-,-
seq_140:YIK:0.275:Class_I,-,-,-,-,-,-,-,-,-,E,M,T,W,E,E,-,W,E,K,K,I,E,E,Y,I,K,K,I,E,E,I,L,K,K,S,Q,N,Q,Q,I,D,L,-,-,-,-,-,-,-,-,-,-,-,-,-,-
seq_143:HP23:0.19:Class_I,-,-,-,-,-,-,-,-,-,E,M,T,W,E,E,-,W,E,K,K,I,E,E,Y,T,K,K,I,E,E,I,L,K,-,-,-,-,-,-,-,-,-,-,-,-,-,-,-,-,-,-,-,-,-,-,-
seq_145:WQ-IDI:3.7:Class_I,-,-,-,-,-,-,-,-,-,-,-,-,W,E,E,-,W,D,K,K,I,E,E,Y,T,K,K,I,E,E,L,I,K,K,S,Q,N,Q,Q,I,D,I,-,-,-,-,-,-,-,-,-,-,-,-,-,-
seq_146:MT-WQ:8.8:Class_I,-,-,-,-,-,-,-,-,-,-,M,T,W,E,E,-,W,D,K,K,I,E,E,Y,T,K,K,I,E,E,L,I,K,K,S,Q,N,Q,Q,-,-,-,-,-,-,-,-,-,-,-,-,-,-,-,-,-
seq_147:2410:6.776559879400001:Class_I,-,-,-,-,-,-,-,-,-,-,M,T,W,M,E,-,W,D,R,E,I,N,N,Y,T,S,L,I,H,S,L,I,E,E,S,Q,N,Q,Q,E,K,N,E,Q,E,L,L,E,L,-,-,-,-,-,-,-
seq_153:WQ-LDI:3.6:Class_I,-,-,-,-,-,-,-,-,-,-,-,-,W,E,E,-,W,D,K,K,I,E,E,Y,T,K,K,I,E,E,L,I,K,K,S,Q,N,Q,Q,L,D,I,-,-,-,-,-,-,-,-,-,-,-,-,-,-
seq_154:C34:2.7:Class_I,-,-,-,-,-,-,-,-,-,-,-,-,W,M,E,-,W,D,R,E,I,N,N,Y,T,S,L,I,H,S,L,I,E,E,S,Q,N,Q,Q,E,K,N,E,Q,E,L,L,-,-,-,-,-,-,-,-,-
seq_155:MT-SFT:0.8:Class_I,-,-,-,-,-,-,-,-,-,-,M,T,W,E,T,-,W,E,R,E,I,E,N,Y,T,R,Q,I,Y,R,I,L,E,E,S,Q,E,Q,Q,D,R,N,E,R,D,L,L,E,-,-,-,-,-,-,-,-
seq_158:SC34:0.39:Class_I,-,-,-,-,-,-,-,-,-,-,-,-,W,E,E,-,W,D,R,K,I,E,E,Y,T,K,K,I,K,K,L,I,E,E,S,Q,E,Q,Q,E,K,N,E,K,E,L,K,-,-,-,-,-,-,-,-,-
seq_165:MT-SC34_ROD:0.84:Class_I,-,-,-,-,-,-,-,-,-,-,M,T,W,Q,E,-,W,E,K,Q,V,R,Y,L,E,A,N,I,S,K,S,L,E,Q,A,Q,I,Q,Q,E,K,N,M,Y,E,L,Q,-,-,-,-,-,-,-,-,-
seq_166:SC34:1.4:Class_I,-,-,-,-,-,-,-,-,-,-,-,-,W,M,E,-,W,D,R,K,I,E,E,Y,T,K,K,I,K,K,L,I,E,E,S,Q,E,Q,Q,E,K,N,E,K,E,L,K,-,-,-,-,-,-,-,-,-
seq_168:T624:1.3964497591999998:Class_I,-,-,-,-,-,-,-,-,-,-,-,-,W,M,E,-,W,D,R,E,I,N,N,Y,T,S,L,I,G,S,L,I,E,E,S,Q,N,Q,Q,E,K,N,E,Q,E,L,L,E,-,-,-,-,-,-,-,-
seq_171:Sifuvirtide/SFT:2.87:Class_I,-,-,-,-,-,-,-,-,-,-,-,S,W,E,T,-,W,E,R,E,I,E,N,Y,T,R,Q,I,Y,R,I,L,E,E,S,Q,E,Q,Q,D,R,N,E,R,D,L,L,E,-,-,-,-,-,-,-,-
seq_173:T650:9.826253964:Class_I,-,-,-,-,-,-,-,-,-,-,-,T,W,M,E,-,W,D,R,E,I,N,N,Y,T,S,L,I,H,S,L,I,E,E,S,Q,N,Q,Q,E,K,N,E,Q,E,L,L,E,-,-,-,-,-,-,-,-
seq_174:C36M4A:6.84:Class_I,-,-,-,-,-,-,-,-,-,-,-,-,W,M,E,-,W,D,R,E,I,N,N,Y,T,S,L,I,H,S,L,I,E,E,S,Q,N,Q,Q,E,K,N,E,Q,I,L,L,E,L,-,-,-,-,-,-,-
seq_175:P3:6.34:Class_I,-,-,-,-,-,-,-,-,-,-,-,-,W,Q,E,-,W,E,Q,Q,V,R,Y,L,E,A,N,I,S,Q,R,L,E,Q,A,Q,I,Q,Q,E,K,N,M,Y,E,L,Q,-,-,-,-,-,-,-,-,-
seq_176:T648:8.1471372996:Class_I,-,-,-,-,-,-,-,-,-,-,-,-,-,M,E,-,W,D,R,E,I,N,N,Y,T,S,L,I,H,S,L,I,E,E,S,Q,N,Q,Q,E,K,N,E,Q,E,L,L,E,L,D,-,-,-,-,-,-
seq_177:WQ-IDL:1.6:Class_I,-,-,-,-,-,-,-,-,-,-,-,-,W,E,E,-,W,D,K,K,I,E,E,Y,T,K,K,I,E,E,L,I,K,K,S,Q,N,Q,Q,I,D,L,-,-,-,-,-,-,-,-,-,-,-,-,-,-
seq_178:CP32M:1.8:Class_I,-,-,-,-,-,V,E,W,N,E,M,T,W,M,E,-,W,E,R,E,I,E,N,Y,T,K,L,I,Y,K,I,L,E,E,S,Q,E,Q,-,-,-,-,-,-,-,-,-,-,-,-,-,-,-,-,-,-
